"(1) China's Total Export & Import Values, Aug 2026(in CNY)",,,,,
,,,,,Unit: CNY 100 Million
Item,8,1-to-8,8,1-to-8
Month-on-Month %,Year-on-Year %,Year-on-Year %
Total Export & Import,"46,455.2","347,752.7",-0.3,19.8,17.6
Total Export,"27,274.1","201,657.8",0.6,18.6,14.6
Total Import,"19,181.1","146,094.9",-1.4,21.7,22.0
Export-Import Balance,"8,093.0","55,563.0",-,-,-
"Note: 
Export-Import Balance ""+"" indicates export more than import and ""-"" indicates export less than import."

