sha256	bytes	mtime	item	path
409d375bd8a92dde8cf82478907357b994b987c54a033ae87f23289148dba569	2598	1783339955	dados_carnes	dados_carnes/analise_12meses.json
a26db1e837f3e674da0581235bfe41ab4cb3fccaea8073951ce92570c28c2425	1372	1783338302	dados_carnes	dados_carnes/ranking_bloco_todos_produtos.json
deb76af07564e25f9efe8dffb0ae47f906691d3c4f64df4ce5bbf1e973de1797	3273612	1783339535	dados_carnes	dados_carnes/destino_x_tipo_carne.json
5d73e987578015472c35b791a66d8d3c50171322f5eae238af464dab03ea9aa7	11895	1783339573	dados_carnes	dados_carnes/ranking_compradores_carne.json
108b9ca606bb6ce1c16f19214c24da7db043a8cd5eaf31033c6a86754a11474e	14463	1783338376	dados_carnes	dados_carnes/ranking_pais_todos_produtos.json
18057908366a56006aa51a735509e2202305cea7539d1ff5aba45f804df47463	5143	1783339991	dados_carnes	dados_carnes/analise_destino_12meses.json
d665b57138d3e9092fd4bc9b784787293eefefda664d3612a3f4f47f840c8582	12084	1783338036	dados_carnes	dados_carnes/ranking_carnes_ncm.json
60b3978ce374b75634c0733e72077c20b3f3a91c1bc26e2a2daf61b236e4a7bb	1048	1783339594	dados_carnes	dados_carnes/analise_europa.json
1a2f996f18a5ad464fd6c4b2a44c7f43f106ec440165a38ca87bdc4d460e0358	4057	1783338866	dados_carnes	dados_carnes/serie_mensal_categoria.json
8942397fdabf4b0bd671aa26e4fb8a03566f150f3590f0a7fb96970d596dfb70	22712684	1783339505	dados_carnes	dados_carnes/cache/country_ncm_2025H2.json
0add21dbb5018894a48fb7e3e8c25db08d78278bf45abf371ba8c3d6a13d9d2e	115153	1783338969	dados_carnes	dados_carnes/cache/country_mensal_2023H2.json
cc9d6236d5485ef0e0d9e6dff20c0a7c1ee6a4b0cad641c06997b8806fb955de	17970637	1783337982	dados_carnes	dados_carnes/cache/ncm_mensal_2025.json
01c0d927f9e49d4a3cc947e591a8c2376e5a81c53cfa7b04daf1d27ea3ae759e	21961292	1783339261	dados_carnes	dados_carnes/cache/country_ncm_2024H2.json
0da56519a55fd4e4659bc53f559d9fd54f28297af3f00e0f11eaa6bde017b7c7	21163233	1783339219	dados_carnes	dados_carnes/cache/country_ncm_2024H1.json
1a9e4369adf30f6fb64df564ace880c163c4db78a477c98ee290ef43dfcbf267	75	1783338847	dados_carnes	dados_carnes/cache/country_hs4_2023H2.json
8925566ac8522976d81974d3714ff9eda08721f6a91e44dd2bb272fb9f05b0f7	21863357	1783339083	dados_carnes	dados_carnes/cache/country_ncm_2023H2.json
1a9e4369adf30f6fb64df564ace880c163c4db78a477c98ee290ef43dfcbf267	75	1783338967	dados_carnes	dados_carnes/cache/country_hs4_2025.json
e080fbd7f052c1436b25c7c2e58ea6cc57fdb60bbfac472f6ef4ea39bc4c6f6e	24978	1783338144	dados_carnes	dados_carnes/cache/pais_2026H1.json
1b55c554ec96621460247381022397afe3ded6d944ef6810132506504e253ed5	1642	1783338251	dados_carnes	dados_carnes/cache/bloco_2025.json
1a9e4369adf30f6fb64df564ace880c163c4db78a477c98ee290ef43dfcbf267	75	1783338968	dados_carnes	dados_carnes/cache/country_hs4_2026H1.json
88b0ba6ca4d15015b1be2a117bef14a41570ecabadd312843244bce32d371780	8901975	1783337915	dados_carnes	dados_carnes/cache/ncm_mensal_2023H2.json
cdefa013f1685cade9ee9a61c3d8095f111c12f3c5e48e0619af631ea1c4ed8a	21553344	1783339422	dados_carnes	dados_carnes/cache/country_ncm_2025H1.json
578691e9d0aba869f4a2dd9a1104fc9d1eccf22f72d179ddf03c918bf2950d0e	26232	1783338118	dados_carnes	dados_carnes/cache/pais_2025.json
ba86a86fb4c86c65d0c468762480f80e059aff716a10d3d9e5caf36ce365c243	25035	1783338067	dados_carnes	dados_carnes/cache/pais_2023H2.json
68004020871c5a063c312e604258a16022e4dca9516ccb0f1ed0ad5c486d2f5f	8867778	1783338011	dados_carnes	dados_carnes/cache/ncm_mensal_2026H1.json
afd2af001d15bf83a08de78a1dc9ec87cad86b8f8a14e06dd8323fda9d3cee7b	21682509	1783339132	dados_carnes	dados_carnes/cache/country_ncm_2026H1.json
6d8c8078b84759b6574313d6328dd0cc500773c09e3c7bcfa3b5314a41e33938	25980	1783338093	dados_carnes	dados_carnes/cache/pais_2024.json
d8db384be17b6b9998a39a6832ba57c2ad3e060adc7db67e2f5190420e77f0d4	1638	1783338277	dados_carnes	dados_carnes/cache/bloco_2026H1.json
1a9e4369adf30f6fb64df564ace880c163c4db78a477c98ee290ef43dfcbf267	75	1783338847	dados_carnes	dados_carnes/cache/country_hs4_2024.json
3b3d687c631438b8479ca366d6a1bef4cb7447b6ce3d499a9dc36fe94d323622	1642	1783338225	dados_carnes	dados_carnes/cache/bloco_2024.json
d6243008e6d2aefeca9fcf2f064e30b10474ddfcc9a9f0ca7f978085944433a1	1638	1783338200	dados_carnes	dados_carnes/cache/bloco_2023H2.json
b6b6be7f43c72560e8e62526a13b7ea8fd2bb64cacd92b771e0a7f76ba3f578d	17711789	1783337948	dados_carnes	dados_carnes/cache/ncm_mensal_2024.json
44f1bb14b12eda46d0fffbe3028f5142e567b9cd7885a8c76d557648aa116bfb	161098	1783345552	dados_corrente	dados_corrente/analise_paises.json
8c3cee1a83bda551e6a2b1184e77713f008dbe2899c7d4df082cb5c080a1eb2f	213913	1783344210	dados_corrente	dados_corrente/analise_corrente.json
980c9bc14d3690811d65cfd0e4acb5108c505f1769aecbbab8d5af0e7dec8314	174	1783345833	dados_corrente	dados_corrente/analise_petroleo_soja.json
3b5c22f96cabebb1755487b5e31e1d8f97e8ff122727f7b1218bd70bb3751a97	16720	1783343360	dados_corrente	dados_corrente/cache/import_2026_H2.json
930c6f52e7a8c5f34e2d909ee7a24bbc945d4561d4b623db75c57c8d2eee6a0b	15077	1783344625	dados_corrente	dados_corrente/cache/import_country_2025_H2.json
1477a8dad832c89cf2c5401290f4719b35a9c62adb00b976050252c15b34e593	16422	1783344433	dados_corrente	dados_corrente/cache/export_country_2019_H2.json
0c1007679e4bc9dde8a1013be91e8ab4b67179250c63161a3318e5a974579942	16679	1783343978	dados_corrente	dados_corrente/cache/import_2018_H2.json
1d5d7bb4229d762eee01f2b3610ab28dda3e6a20c7df5bdde9e1d52ad62beddb	14849	1783345010	dados_corrente	dados_corrente/cache/import_country_2019_H2.json
f3a351b0b27fb8f7e7f2647acf361b8e8619313eb61cda16b2f0377f8617fb0f	16051	1783344322	dados_corrente	dados_corrente/cache/export_country_2022_H2.json
d29da82431b0e1e6c78cc249759315ffde3c5f07cfee35979e1dff8532506111	16690	1783342887	dados_corrente	dados_corrente/cache/export_2024_H1.json
4e30543c4a19f2be73b9848008caeafb92f9a47445b2176a270ca9e23f226c2a	16690	1783343917	dados_corrente	dados_corrente/cache/import_2019_H1.json
f751d7244e2e01fb0eb392148e2e632a03e9e4f0b84a173ac315b55b3848c681	1154	1783345414	dados_corrente	dados_corrente/cache/import_bloco_2025_H1.json
04721c3150d516dd512783c2d74bfb10b8be6775b4eab07ddea30664cbea10f4	16817	1783343196	dados_corrente	dados_corrente/cache/export_2019_H2.json
f2a183b1b333420e8183225e7f0da9424e73a6d74867bacd612c0551383b4829	1405646	1783345644	dados_corrente	dados_corrente/cache/import_ncm_202601_202606.json
dc308d7387254da9cab2f82715c6d49009ee1eb59836c6239d59d18951a15697	16125	1783344452	dados_corrente	dados_corrente/cache/export_country_2019_H1.json
594c75631e47d2b2ebda1798f9413c55e0c4f823972e63510d9c159c6fb5af0e	16714	1783343463	dados_corrente	dados_corrente/cache/import_2025_H1.json
29ab32953f4268627ff3252334bc64f7b66cd485644c94d040a9ae7c6c23c40b	16362	1783344285	dados_corrente	dados_corrente/cache/export_country_2023_H2.json
f3106e3294a7982dac5030207756103927f45ede94ceccc668f1eb6b4e30269e	16689	1783343669	dados_corrente	dados_corrente/cache/import_2022_H1.json
77ae4c170aee88e77729f89abc137ff76363ad716e57e859b4023b5b2b126b4b	15735	1783344547	dados_corrente	dados_corrente/cache/export_country_2017_H2.json
9f5c3c7e2b09bd99ba84f67153991c7943f9eb056a60ff849a6bd5cfa5627836	15096	1783344700	dados_corrente	dados_corrente/cache/import_country_2023_H2.json
5cc8ff8ca963894014fafc29c5e5482f1750b27a1076c2d552e42e25ea9d3beb	1404650	1783345623	dados_corrente	dados_corrente/cache/import_ncm_202507_202512.json
95e41ea5040a012ac1058a0ba3a5b73da03ac6b0730e476ed03f8bc41daaede4	16697	1783342721	dados_corrente	dados_corrente/cache/export_2026_H1.json
17087ae02d02b35dee81fa4440825c99d1ce8b583df34cc1f6ea74fb8efa3ac6	16806	1783343298	dados_corrente	dados_corrente/cache/export_2018_H1.json
ec4ab54e37bde1ffced0ae7278e24eda36e669a81e767bab45668ea0f8b4b43b	1154	1783345395	dados_corrente	dados_corrente/cache/import_bloco_2025_H2.json
386c9cb5b47a7303eed31336e24697aea9cf7727328c1a5cd5982b6d2215c38b	16696	1783343526	dados_corrente	dados_corrente/cache/import_2023_H2.json
87aca6778d310ea6d711d0c6c8e6d614933e809507713e26df212a502a1b877b	16688	1783343896	dados_corrente	dados_corrente/cache/import_2019_H2.json
7627eea0a3993d52490e35f44e8c93811910d470f77de6e608e3ba643756d396	1153	1783345376	dados_corrente	dados_corrente/cache/import_bloco_2026_H1.json
677bbdf557de1c188d43ecb8d8e753740d536333454a961077f9609110b3b413	16691	1783342803	dados_corrente	dados_corrente/cache/export_2025_H1.json
efef40087e2a3e4de984178fea2a3be59e4a47f2c805bd875649290bd084d05f	16344	1783344174	dados_corrente	dados_corrente/cache/export_country_2026_H2.json
460c792a17f7f84723102b4f5577c2c714b436e025e22533b98e3529f4f8be17	16809	1783343339	dados_corrente	dados_corrente/cache/export_2017_H1.json
e3371fc27b17a3f7fe7db1494b3b69aa0b71e1e314e25e756f6ebe412439620d	16713	1783343442	dados_corrente	dados_corrente/cache/import_2025_H2.json
88b471d1c7704779ea838c19a30e3d4555a527abe00424c57fa0a63595d1150c	1243127	1783345602	dados_corrente	dados_corrente/cache/export_ncm_202601_202606.json
1f96fec924ba62c90e161ca17b787b6167f37ccd6d1112d06718216bd637a9b6	16694	1783343607	dados_corrente	dados_corrente/cache/import_2022_H2.json
c51ab998d6597ba674e0e1539eab8d84b09cda3e7959d31e4f37f922b34606ce	14657	1783344836	dados_corrente	dados_corrente/cache/import_country_2022_H1.json
d05d691fcc7e65563e69262e309efbb7d12ba63899a119cb08b04e363e722358	16048	1783344396	dados_corrente	dados_corrente/cache/export_country_2020_H2.json
0e03bbb7eab27ae7b029f99d08aeec8a573614eb3b5df35496ec0bda00264009	14483	1783345047	dados_corrente	dados_corrente/cache/import_country_2018_H2.json
009b3f47a40583928a0f7851d49e76787787e2f6215d3f495d5c319fb2b551ec	16713	1783343421	dados_corrente	dados_corrente/cache/import_2026_H1.json
e49970d0e2e71f6a4185ed804cdb7f5376b82a5438261f9dfb75c95113514495	16683	1783343731	dados_corrente	dados_corrente/cache/import_2021_H2.json
f89703f472c666a8ebf5569a559c0346a0280bdaf6b78460ff1195244de3687a	16687	1783343999	dados_corrente	dados_corrente/cache/import_2018_H1.json
98f4f900f8543b6ce6eaef842d711fa8823cfa29fda3c474d9623602354fe293	16677	1783344060	dados_corrente	dados_corrente/cache/import_2017_H2.json
fd62cb7e8a983cd99f6ebf8dc0d51fc10d075556f3625a96f6f0e19d6a4da4b5	16680	1783343132	dados_corrente	dados_corrente/cache/export_2021_H1.json
315ce710a02e15ca11151677f0025440d1c40243d9cf4319529eee2e8001593c	15660	1783344566	dados_corrente	dados_corrente/cache/export_country_2017_H1.json
c57a9f02afada3f8d8482a13e9d33d9d08affc204627be24076adfd0bfb53f59	15287	1783344644	dados_corrente	dados_corrente/cache/import_country_2025_H1.json
bee416c93829defcaf9190d694888aa3f84636419d1452a0d5f005b76561fde6	16405	1783344303	dados_corrente	dados_corrente/cache/export_country_2023_H1.json
ee7ffe1b8136265af309881f9dbc9b9be71c7832043205595b42aecfbc124573	15279	1783344681	dados_corrente	dados_corrente/cache/import_country_2024_H1.json
b2eacaa3027bb1d2da23d1b682664b09f48623179bc93767c5560c9a2b14b100	16790	1783343217	dados_corrente	dados_corrente/cache/export_2019_H1.json
eedf7ed1c0a9b58612ca5410b63affdfc485713e1319ee093b82bffc215d388a	16327	1783344359	dados_corrente	dados_corrente/cache/export_country_2021_H2.json
604343e5755cadef4ce2b9896d4deefcafdaf5d594100e2d7e3481ec725c7cf1	16693	1783343049	dados_corrente	dados_corrente/cache/export_2023_H1.json
813fa6977aa07d9547b69580b4a0ddeb1af3d60907b131d63355662f5be630fe	14813	1783344933	dados_corrente	dados_corrente/cache/import_country_2020_H2.json
ce785034fdd04be918b4cb72f0d884258413f9507add5d9a338d4e6cf04c7884	14917	1783345143	dados_corrente	dados_corrente/cache/import_country_2017_H1.json
5a9187dffc07f3164d0a5d2663a4fedb13b60a89ca1a02c10a3efbd97ed248b2	1156	1783345218	dados_corrente	dados_corrente/cache/export_bloco_2025_H1.json
91286977383223ed3cdb24618c26686f63e772c2b905ec136fb2c41d587469be	14611	1783344855	dados_corrente	dados_corrente/cache/import_country_2021_H2.json
5d3e2c5bc4b1d933ce1765ad3cca4c33386241a73eaef8b650d0aa790af7cc45	16688	1783343090	dados_corrente	dados_corrente/cache/export_2022_H1.json
bc11162da7401444e286cb9726f89b9dbd2e001b590e644b0f1c040d99af57f5	16163	1783344340	dados_corrente	dados_corrente/cache/export_country_2022_H1.json
09aedee26ad1d38d59fd3a05c5f16d3f8a4d869d11f1cad3bd326083a0e04a67	16702	1783342742	dados_corrente	dados_corrente/cache/export_2025_H2.json
b1deac3aa337d0dc6c078f4baacd977a7ea4fd83b520d9588bc2eb8647712efa	16697	1783343069	dados_corrente	dados_corrente/cache/export_2022_H2.json
c9596b8375b27481f325f17ae157fc70d00391a2f204408fb6fc484746d60529	1156	1783345162	dados_corrente	dados_corrente/cache/export_bloco_2026_H2.json
c2ea756e8a5448d4368477c5f6ffa3ed727ab5a9786f8bb4323643c0be6a4dca	14633	1783345125	dados_corrente	dados_corrente/cache/import_country_2017_H2.json
bb7171dee9dadecc55bd5a9e40b3a9cf97817b0ec4f536f1428bf645206f1f79	16677	1783344081	dados_corrente	dados_corrente/cache/import_2017_H1.json
228e8e9de3be39139f80be6067f50c9ebaa3ff1b148cddd183ed12983bf17700	16131	1783344211	dados_corrente	dados_corrente/cache/export_country_2025_H2.json
61dfc5536080092c21c5a3c28d077e273685b08e2dc87ff6191b62e60568fbd4	16679	1783343835	dados_corrente	dados_corrente/cache/import_2020_H1.json
fabee49c2a61a832361c028d7be2a8499454fb6840cb76b0761dedb8b679f1c6	16813	1783343319	dados_corrente	dados_corrente/cache/export_2017_H2.json
7223af4208635f462169b7181ea76523d7f4b6715306370a553eb018025e77c0	15487	1783344470	dados_corrente	dados_corrente/cache/export_country_2018_H2.json
0e9f9ed40a537387f85bfebbdd7c46ace7eb5377731969c4fcfd8e3f744f297b	16815	1783343278	dados_corrente	dados_corrente/cache/export_2018_H2.json
69ea0d0c763572a1206e46cae74cc13fe35be1027e3fbb4c7f9381dd960e7c05	14900	1783344951	dados_corrente	dados_corrente/cache/import_country_2020_H1.json
422a43cb623f98bcac8118b2041068cfebc1ac975e2ebb68feb99a99352005c5	16704	1783343505	dados_corrente	dados_corrente/cache/import_2024_H1.json
9e2e343147a34171290be54f39f15f0dbf23175b0048b8010af13e6d9edf722b	16698	1783343484	dados_corrente	dados_corrente/cache/import_2024_H2.json
ca6cb5ff5ce44ca53f7d9a416445046dcb332088ce193b153e4f86d6e7905edf	15075	1783344759	dados_corrente	dados_corrente/cache/import_country_2023_H1.json
fdc2af5a0c621ab2f40bf75bea6c41c6573d6b5abf3ae3b1346385b671affb1d	15876	1783344415	dados_corrente	dados_corrente/cache/export_country_2020_H1.json
b3bc4e2297cdb68c4683f3d59877ec6ae8fc713fc70c8877362de22d84eb185c	16703	1783343028	dados_corrente	dados_corrente/cache/export_2023_H2.json
162596453536c9ceec64fec7a1165364248007fc119371d1e12a94136c9ef86f	16694	1783342700	dados_corrente	dados_corrente/cache/export_2026_H2.json
df8f9c8ec7eb04f52d1c57fb8bcca50bdce2ed17e4cbca7afe281c8ec7765843	14544	1783344914	dados_corrente	dados_corrente/cache/import_country_2021_H1.json
3c941bdf71d86fc294f05b36c3b433db972de8ddc965bf036771e1c5ef274348	16694	1783343774	dados_corrente	dados_corrente/cache/import_2020_H2.json
524a5711a5575c2d97da6f246b81ec19f385a6f6073428b926b15b172569e4cc	16483	1783344229	dados_corrente	dados_corrente/cache/export_country_2025_H1.json
e5796b888ead3ee3e1f74c4398757dbcee6dacd7e2f2f0cc5c63f1753e785991	16325	1783344266	dados_corrente	dados_corrente/cache/export_country_2024_H1.json
413fe908cc561828a0fc9ab3fc765903f8476107163209d67c431325f385c40d	16702	1783342823	dados_corrente	dados_corrente/cache/export_2024_H2.json
3c0db1173bb2d236381c81ae79b54b5ac1ba31461e3dc51fd7783507fec1ac3c	16664	1783343174	dados_corrente	dados_corrente/cache/export_2020_H1.json
598c1192dd0888e6a2acc79d00005cfd7ebf29704ab64e308ffec2078d12a024	1156	1783345180	dados_corrente	dados_corrente/cache/export_bloco_2026_H1.json
42831fe33b6fac1dbfaea1dd5b88ab1ff833a787afe60d4e67499c5bfd0946e2	16693	1783343546	dados_corrente	dados_corrente/cache/import_2023_H1.json
44126ca8d63176b39c96a981b40b24cafc3ae0d9b9dffb6daacf97c18111df66	1153	1783345237	dados_corrente	dados_corrente/cache/import_bloco_2026_H2.json
c7c08e206ca95f46bbe2fbf000aa350c836011147587a057f389bdfa375259cf	14633	1783344777	dados_corrente	dados_corrente/cache/import_country_2022_H2.json
3e935627fe306ffefede12e5ed4367475fd8c33ef131845ebbb9847e64d7f5a9	15709	1783344603	dados_corrente	dados_corrente/cache/import_country_2026_H1.json
5b83b80cf4808be63f0c49cd3b5ee9a118faa7229e784d868beee25db32e20fa	16808	1783343153	dados_corrente	dados_corrente/cache/export_2020_H2.json
68ffb16b03911dc329231520964869f734c6049675037769bf7ab881559d48ae	16681	1783343111	dados_corrente	dados_corrente/cache/export_2021_H2.json
3dc58152db1c351ec9abd9d3848c6e36ffcd2e42d0d4b0fd573b00687a719e25	1156	1783345199	dados_corrente	dados_corrente/cache/export_bloco_2025_H2.json
d7320de1e13d14450900ee49a60885fb84439e7dcce328bc67135df8c96cb614	16060	1783344192	dados_corrente	dados_corrente/cache/export_country_2026_H1.json
7792f8be04168702ae7f16259050629a2dfb1a2ac81fcd1614b3035b37d79138	15971	1783344378	dados_corrente	dados_corrente/cache/export_country_2021_H1.json
945b105a30343565a5625b7a200437fd53d5ce827dfe78aed67d858eb88ae37d	16692	1783343753	dados_corrente	dados_corrente/cache/import_2021_H1.json
69aa024889750a43c7171b16feda871daf1f657568c7ce8def4a991ef3dea792	15530	1783344585	dados_corrente	dados_corrente/cache/import_country_2026_H2.json
ee597afddb0f97d3d5bd58712bd422c22976cfed7d84e7b007ef7ab375c0bed5	15016	1783344663	dados_corrente	dados_corrente/cache/import_country_2024_H2.json
006f76751121da729dbc262374a60add6f76e15a2856b43bcb27ab8c9bbe8c31	15696	1783344529	dados_corrente	dados_corrente/cache/export_country_2018_H1.json
1839b7f9ca7cd4c3e4c576e27a73a07a49b29066d26a8c474b0dc2956f7830b4	1254887	1783345580	dados_corrente	dados_corrente/cache/export_ncm_202507_202512.json
8d0d1e07d03b8ffbf65ee42c7c3e72e3db94650950e6d2deee3a0c8ad2b642c5	14385	1783345106	dados_corrente	dados_corrente/cache/import_country_2018_H1.json
9f4fe74846675dc153b729406de089c7dd21737b6a0531ad5448896e260b4711	16079	1783344247	dados_corrente	dados_corrente/cache/export_country_2024_H2.json
00fcb522cf4df79838f0c732ddea936198005be9716c7941be5f56094a1fc2c5	14451	1783345029	dados_corrente	dados_corrente/cache/import_country_2019_H1.json
4e3f489a33e08811b4a3f4c7c05cd70d1093207a0df00798f1bfb6d781070a6d	2543	1783544429	tarifao_p3	tarifao_p3/make_chart_v2.py
f0a34445d6b892c78b831526c1e8cffa8efca1367c1cb25a066a3d41cd074b4f	330372	1783535807	tarifao_p3	tarifao_p3/destaque_porto_santos.jpg
317731aaeb4da78d1935dd5b98462a313d29ec764c242c5348fe6ebfa30f8252	4089	1783532408	tarifao_p3	tarifao_p3/graph_data.json
f87cb78b07394e63ca9b3fdd97cb70700361a75827c9e916644c0438db2f4690	2714	1783532131	tarifao_p3	tarifao_p3/collect_products.py
99950e088184411d347ec89eff4d69385cd2386f4f9a5bfef7b657fc7cdb4918	964	1783531948	tarifao_p3	tarifao_p3/collect.log
1bd2f190a818a84a17795f7eb39fa5c2933d78c2fc9bc51c5c46bb7f120dd368	572060	1783533907	tarifao_p3	tarifao_p3/data_products.json
596b0cbf77a91cf7e06bb8fd6c209e251b9863b95352a645a9152846282b1eaf	337401	1783532388	tarifao_p3	tarifao_p3/data_monthly.json
32794528929ac20a55c6eb131166995e35c366b7230c9547d09800076a6d7688	176041	1783544438	tarifao_p3	tarifao_p3/corrente_comercio_v2.png
058bc4731fda923ec3cbd2a1fafb215ffcf75b50d0b8687b0e3f87035cdfa307	2634	1783532298	tarifao_p3	tarifao_p3/make_chart.py
23c5c75896cb42030d07d0ef129800d8c02eabaed05f76616ce4a32fe502110d	18894	1783542562	tarifao_p3	tarifao_p3/atualizar_p3_acentuacao.py
d4d49d81efd63b3ac0248022f0787111fe8648ba1eebdfb384f3eaa5a1f747da	1110	1783533907	tarifao_p3	tarifao_p3/collect_products.log
7d09b975f58d22d2a8a799cd42e4118a0bc86df7b2367c3e6dc0dbc85ad47b3c	3875	1783531454	tarifao_p3	tarifao_p3/collect.py
7dfb0534c40bbf2681d9853345eecc2ae702c6c209a9d8cae50baa77d83bd100	185250	1783532418	tarifao_p3	tarifao_p3/corrente_comercio_mm12.png
f926741659e80bd1680651abbc4e67f79dfa580bcb8261363cb1c7ba858fdd14	2952	1783532602	tarifao_p3	tarifao_p3/analyze_products.py
61d17e391a37a004c0d06b94cb4d8a94bf3c11b471cc025aa8a8c685b1c5b690	6025	1783532092	tarifao_p3	tarifao_p3/analyze.py
b55694a1f8351aad11651cf8ccac741a80d508efd6bd5429ab18379d40a71c75	13654	1783533656	tarifao_p3	tarifao_p3/artigo.md
6a5ca0cddec39122907ed7d313873601350b77734301403e9bbd08020263734d	19559	1783544652	tarifao_p3	tarifao_p3/publicar_p3_v2.py
e1ba1d99e443082794c2aafc14a8fa867752afac2b8230af173d474ce4f135b0	21231	1783535877	tarifao_p3	tarifao_p3/publicar_p3.py
c567b95139a65178e71e4368a8b588d2bd2a2a7ddebb7d0a035b7c57ed3d2bfa	4133	1783544411	tarifao_p3	tarifao_p3/graph_data_v2.json
60fb3b58ea4ba1cf3351eb23c6187d927880b1b2134fced8d358e96ac596657b	3199	1783544406	tarifao_p3	tarifao_p3/analise_correcao.py
ee314266e28f3d0d4f339caf23ce8a135bb5ebaeb7bb6801359f909b955c91ab	90160	1784790364	cacai_teste	cacai_teste/frame_check.jpg
5896bff1d76b5bfd963da0bb28c1af2a30f36859e37867412bad566c41f8ce9a	69981	1784790618	cacai_teste	cacai_teste/f15.jpg
e86d83a480d2b65a2d160625cb73e4c808f13fe9601ab6d98c3ac6c27fd2e89e	6977053	1784790301	cacai_teste	cacai_teste/trecho_kakay_vertical.mp4
287dabacbb06724502ad674961f2c75c9e8d97fe9a9c43d8bdd74a70eeb74321	11762814	1784790504	cacai_teste	cacai_teste/trecho_kakay_v2.mp4
470ad10ccc3d4e9300a5a3a055a8af7eb748a85c0e55cc4fa20b8cf744a2e8af	7079991	1784790586	cacai_teste	cacai_teste/trecho_kakay_v3.mp4
ac7d47d910a4709cb6ec2851b822f2a1377ecb16058f75c36fd6ca672a659d52	74116	1784790815	cacai_teste	cacai_teste/frame_final.jpg
10a73723a2a523e7f9d3a9092c02a23600449525a5af06c95b6aa4fd1af9c7cb	12461	1784790743	cacai_teste	cacai_teste/test_black.jpg
55470cb222be33e6d8c07a06d7dd5a6ad18603d2e66fff5e7170a9f24de61e85	147400	1784790099	cacai_teste	cacai_teste/kakay.pt.srt
2594f57f3a919eab7beadbb592b3ab854dd1312b27e639b4924d6dbbde12d648	72289	1784790687	cacai_teste	cacai_teste/test_sub2.jpg
2594f57f3a919eab7beadbb592b3ab854dd1312b27e639b4924d6dbbde12d648	72289	1784790618	cacai_teste	cacai_teste/f3.jpg
0eda475712b97647866ee2f572c9e060307473747a9e63ad2a1aff3823c968cf	68542	1784790400	cacai_teste	cacai_teste/frame_original.jpg
6bbe8982c8ab050ce06f840a1c116aa4d3461ab35480971ddd0d7ad3d95eb8e3	91908	1784790870	cacai_teste	cacai_teste/frame_final2.jpg
476438c4dbd45ea4055703a07b903d5fd438aed3fcf61437ded4308e6931afbe	7603358	1784790869	cacai_teste	cacai_teste/trecho_kakay_final.mp4
54f10f6223f2116645fd4589301af25b16e066e33706267f680ddc9f1e0129a7	357	1784808931	cacai_teste	cacai_teste/oauth_yt2.log
ef5c6612dc2714f4987f2a0f52605b98acb04f83269c2255290d6f938c43c895	7264622	1784790350	cacai_teste	cacai_teste/trecho_kakay_legendado.mp4
2594f57f3a919eab7beadbb592b3ab854dd1312b27e639b4924d6dbbde12d648	72289	1784790649	cacai_teste	cacai_teste/test_sub.jpg
1bb55e457375e85850aecf743cc2b1eb394357dccf642ea62c20ccd6a728c44a	74655	1784790586	cacai_teste	cacai_teste/frame_v3.jpg
c5a808a482bf267150269214da3c6013270410faa2fc063b9d4ce85aad9f92d8	1234	1784790338	cacai_teste	cacai_teste/legenda_trecho.srt
2a3ff428e4cba21d108e8005d68aa6f8f0322b4e701aea86b0151d2ece48b9b1	76609	1784790504	cacai_teste	cacai_teste/frame_v2.jpg
ecf89fa802a8112a9afd0e5840893de582350a277dfe2b1830346e50a75405f2	116574429	1784790110	cacai_teste	cacai_teste/kakay.mp4
5902443011d5137a363e82a5cc7f4735b4432a1cde3e54007d32c62ecbe09264	778	1784809223	cacai_teste	cacai_teste/yt/token_youtube_novo.json
02974704fcb155a9ec5437aa84bab5d554fca1ce4282c528f9d59dc418053d72	420	1784805852	cacai_teste	cacai_teste/yt/client_secrets.json
bd65b34c034cc4584645cd41d2979e42a39aa6d2a097c261d0c9770a27b5ad33	1098	1784808861	cacai_teste	cacai_teste/yt/oauth_yt.log
5a5d0c85856c847cf2f63669d8b5381c8ad46c64c38a7ece8f5d24954920da5a	1296	1784809223	cacai_teste	cacai_teste/yt/oauth_yt2.log
c38b1c33bb0cbf2228973ccf2b676849c09949e6aac34f663f79a879fdf57577	10055	1786284943	mutirao_midia_v4	mutirao_midia_v4/fontes/curadoria_regional_loteB.json
94680025a37bbdaa03d61455c5ee93da7058dd622c3db311ff26c6b19cd66ae6	3249	1786279014	mutirao_midia_v4	mutirao_midia_v4/fontes/manifesto_ingest_geo_mini_lote2.jsonl
a12b90c8bf20c9bb0f30a526722d5a20e84c393a63c99bb0a473ba5bd8840caf	140702	1786284668	mutirao_midia_v4	mutirao_midia_v4/fontes/candidatos_regional_governadores_all.jsonl
945376f33186cecb531c7ef6bcc801eb681b4723d5eb6b070e804a9a9e86a1b5	56031	1786274929	mutirao_midia_v4	mutirao_midia_v4/fontes/candidatos_geo_etapa2_lote1.jsonl
d5c36ee1621388dd62e29310d34a7e80f64c5cbc886e0b36ee7d966a6d838858	7502	1786283051	mutirao_midia_v4	mutirao_midia_v4/fontes/curadoria_ciencia_lote2.json
35064dbec8155c1a8eb57b7c655be6b3effaac3971fec3f354b466016986393f	31939	1786280625	mutirao_midia_v4	mutirao_midia_v4/fontes/candidatos_ciencia_resto.jsonl
527c2be1813998f2306b98eb51964e1052e0b77e546183d70b9d9c1082c2eb86	3852	1786280768	mutirao_midia_v4	mutirao_midia_v4/fontes/download_ciencia_lote1.txt
7599ddb60ad4cab5f615d517f8669ad71ad98824c4d3edce10547ef3a952059c	3579	1786286833	mutirao_midia_v4	mutirao_midia_v4/fontes/curadoria_regional_loteA_resto.json
080a96544cfcff09ed8d13b1a2d9669b0239382fe760ab0a040adffab00a0891	27811	1786280506	mutirao_midia_v4	mutirao_midia_v4/fontes/candidatos_ciencia_etapa3_lote1.jsonl
b05dad0a1eaf9395c16b3bb581648927e7dbd32764b2c24f025d11d4dbb76647	3282	1786284748	mutirao_midia_v4	mutirao_midia_v4/fontes/download_regional_loteA.txt
347d5714a7f307bbc577e12ab9f33bf4b34bd76bee46d9164d9dde8bfec264b0	2873	1786284748	mutirao_midia_v4	mutirao_midia_v4/fontes/download_regional_loteB.txt
413b386bd8dff7e6bda66fc2572a2f8ac57b764631e08772ad61fa48d89c7b24	760	1786284348	mutirao_midia_v4	mutirao_midia_v4/fontes/plan_regional_governadores_retry5.json
815ec092e3ddf038ae08cbee3e11d49e5195f6291fb33f5b5641152a735d828b	2293	1786280423	mutirao_midia_v4	mutirao_midia_v4/fontes/plan_ciencia_etapa3_lote1.json
39a0f78cd8770da26284aef79b7711324b20c28fa2196b2d15e34449811e5dbc	113706	1786284326	mutirao_midia_v4	mutirao_midia_v4/fontes/candidatos_regional_governadores.jsonl
f0c3ccfc9f40d5313674810590d570dbe3ba64066dc93d39353b09562921f0c0	7892	1786275863	mutirao_midia_v4	mutirao_midia_v4/fontes/recibo_download_geo_lote1.jsonl
bd76a76500ce6c86b9000ffbe88b1f0ac251383b0a6608de23323ab1a6dc1848	21092	1786276210	mutirao_midia_v4	mutirao_midia_v4/fontes/manifesto_ingest_geo_lote1.jsonl
7028e8e2c43cc031029d79710876985a64f72d85bfa534cab78ffdd5758148c0	3684	1786284143	mutirao_midia_v4	mutirao_midia_v4/fontes/plan_regional_governadores.json
9716e2cedb640a16c81ab222d2f9d5fb2cda45c3b7334982c64e2c64f8a70c3d	33264	1786287216	mutirao_midia_v4	mutirao_midia_v4/fontes/plan_regional_senado_2026.json
35af59484207dd0c2683821db7c8ca91a83332de644f804b4942c8c6d1064de6	26996	1786284668	mutirao_midia_v4	mutirao_midia_v4/fontes/candidatos_regional_retry5.jsonl
a1205fc027d761e1f8ac35818e59288b35595cc2360156a453b603f58fe084d4	16576	1786280654	mutirao_midia_v4	mutirao_midia_v4/fontes/candidatos_ciencia_extra2.jsonl
3fe2aac7d778a542969bd2445d72ba22fc5fb9b37a3f3b276e8bf19d7244a870	1369	1786274798	mutirao_midia_v4	mutirao_midia_v4/fontes/plan_geo_etapa2_lote1.json
edad4f050bf3c69ed2945a1c887d36cf1430f2f4159348aa3ff71586b52437dd	11453	1786284864	mutirao_midia_v4	mutirao_midia_v4/fontes/curadoria_regional_loteA.json
1002ceb10728066e0d570a2123a7952f59e795aef7f240628b83c578a76a09b0	13569	1786281694	mutirao_midia_v4	mutirao_midia_v4/fontes/manifesto_ingest_ciencia_lote1.jsonl
b37c1b5ca5871d0e36a051c665f273ec1b17664a9820a40879abb51547442739	5082	1786288998	mutirao_midia_v4	mutirao_midia_v4/fontes/curadoria_regional_loteB_resto.json
a684c47fbef85e25cb3d788649d8b953fec4bbf11827768e452ae3b63b3744aa	76326	1786280669	mutirao_midia_v4	mutirao_midia_v4/fontes/candidatos_ciencia_etapa3_all.jsonl
2e0a4b3437f276c80402bc676124ad2f41a322d0a24fff010bcfcde90be07a2e	733	1786280625	mutirao_midia_v4	mutirao_midia_v4/fontes/plan_ciencia_etapa3_lote1_extra2.json
910f82d8af15c2c7cbde1263e84f21e96b507b741ea162ffa8243f2ec83a8187	1518	1786280549	mutirao_midia_v4	mutirao_midia_v4/fontes/plan_ciencia_etapa3_lote1_resto.json
852f1ec866fd9b48830a2c39d6bb56a0d10647bb39c0da5dad08b7b7d90d4abf	2232	1786271960	mutirao_midia_v4	mutirao_midia_v4/inventario/entidades_master_20260809.csv
18c78c40b0fa52c0facfeeb11fd891dcd7bd9868ad379a96db0e59ce70808525	55707	1786274825	mutirao_midia_v4	mutirao_midia_v4/inventario/urls_existentes_ouro_20260809.txt
b040a9d9909fc0c43c36ac8ecf2ff3347bd5e03f7b83681e563674c186ba6e70	48255	1786273959	mutirao_midia_v4	mutirao_midia_v4/inventario/fila_lacunas_portal_v2_20260809.csv
07ffc07bff05a75f760424401c210012596d4226cad52c62269ef41c629de082	330421	1786274113	mutirao_midia_v4	mutirao_midia_v4/visao_spotcheck/4750d10386a073a5_flavio-bolsonaro-anuncia-vice-para-disputa-a-presidencia_v2.jpg
cf9b996c65d9927ebd77356381b953873c70c4f0fe62c88a3d35e41a65d9b0a6	341188	1786274114	mutirao_midia_v4	mutirao_midia_v4/visao_spotcheck/84f8229ba545c5a2_senador-davi-alcolumbre_v2.jpg
c7a6bc594df10b9db7eff2b83e3f6ff1b4d5649c770206a3aa5b15a2c684e28f	322533	1786274115	mutirao_midia_v4	mutirao_midia_v4/visao_spotcheck/e0ac5ed121721d17_senador-davi-alcolumbre_v2.jpg
0ef417f77f144f2ab07396fb8081d9da9abca1c44713a9044b05dff8ab05526d	1924	1786302792	mutirao_midia_v4	mutirao_midia_v4/codigos/audita_5_problemas_codex.py
08906b830c941b70ba0720cfd2d13074c53983c8361b61dcd87d01dc924094f1	5409	1786302816	mutirao_midia_v4	mutirao_midia_v4/codigos/corrige_5_problemas.py
f36afad3250c2d163e4311165dbcae77152fa0114a03fc75ea9ec8d15b812a1c	2724	1786283154	mutirao_midia_v4	mutirao_midia_v4/codigos/manifesto_ciencia_lote2.py
6d4fbab3d76db127605d8546e910e0304687bed941db1ac009a842bcbb80f554	1001	1786285743	mutirao_midia_v4	mutirao_midia_v4/codigos/check_regional_loteA.sh
09c0a295e28fc02f399d77fb9e622f9f9fa7f92e7737e1e89a374bfd3e6fde39	9298	1786276199	mutirao_midia_v4	mutirao_midia_v4/codigos/manifesto_ingest_geo_lote1.py
abf1955b0d414fdc673a9b0b3ddca2afa76132fa72116c55ac28ec27c57d4c2d	1032	1786293437	mutirao_midia_v4	mutirao_midia_v4/codigos/download_senado_b1.sh
850b0da236cfb603005600d4a8c3b5160dd605ff3af13ca5fdfc708c4df1ae80	863	1786283535	mutirao_midia_v4	mutirao_midia_v4/codigos/check_ciencia_lote2_pos_classificador.sh
e27411cdd102f95f6a3006c2c2edeff088a3c4e73537c6ed4d6e87602a639216	4286	1786306723	mutirao_midia_v4	mutirao_midia_v4/codigos/amostra_parecer_seed42.py
e29d5ffc3b26372f771f9166bc6b9c99188ddce5fe719477d8cd4160c7e6e9b6	3994	1786311321	mutirao_midia_v4	mutirao_midia_v4/codigos/manifesto_canario_etapa5.py
d8d42786f5ab207902275338fa00d1bcc8b72a29473ea3eed1236b298d70fd22	2509	1786295612	mutirao_midia_v4	mutirao_midia_v4/codigos/audita_senado_qualidade.py
335cb269d9e04e8a56c7886ed8e7dbd3b84b10d78bbba81d14898bf3ecde4c4f	4746	1786272894	mutirao_midia_v4	mutirao_midia_v4/codigos/teste_visao_mutirao.py
6f121e20875c761259602ebe67137e930c222a5e032b5b76ae82afaded68576e	11764	1786272459	mutirao_midia_v4	mutirao_midia_v4/codigos/backfill_variantes_portal_ouro.py
006d22b5ff49298d1b3c274d6441c7e036706635167137db7972b49330348b95	3038	1786309433	mutirao_midia_v4	mutirao_midia_v4/codigos/manifesto_canonico_27_v3.py
0930eb9855450ab5180cf844da43762a7832df47c79a6b3bb05098d5a83fac31	645	1786301005	mutirao_midia_v4	mutirao_midia_v4/codigos/converte_plan_requery.py
dd131a2f5862e0349280ca95347e811ac28c1a0ea623404addd6fc43b8688d82	995	1786288323	mutirao_midia_v4	mutirao_midia_v4/codigos/check_nyc_regional_janela2.py
62c6f047d14476b0ad5fbff7578286e525b3c3836da874cc3dfa996f94f2bd6f	2802	1786300103	mutirao_midia_v4	mutirao_midia_v4/codigos/terceira_passagem_inequivocos.py
1abd8f545e0617eb7717f03a688cee2b9e73c34249265ea3457e20c99062987f	2323	1786301196	mutirao_midia_v4	mutirao_midia_v4/codigos/examina_rejeicoes_ouro.py
3c3a8bdcaf080d6ded5468e7c575730e684c3599af342127f2508adefca17849	1332	1786282477	mutirao_midia_v4	mutirao_midia_v4/codigos/check_ciencia_pos_classificador.sh
4a394a883e31eb1691d91466692e6a0409a10a672f18bbb5e5cd9ad29b5d45e4	654	1786283608	mutirao_midia_v4	mutirao_midia_v4/codigos/check_sintese_lote2.sh
6742384e4077c8215771b1750e91173c7c930cdbd4e2fc5167b82a9082d998be	3628	1786306822	mutirao_midia_v4	mutirao_midia_v4/codigos/saude_provedor_gemini.py
e264105834842657a0c69adcf45da6473bc9ed54fab50ff33ce40332c4adcf9f	5862	1786306283	mutirao_midia_v4	mutirao_midia_v4/codigos/manifesto_canonico_27.py
fb8907521e3943992ae8e778e8a0b019c556b9840091ae4d799d867f5c71ef4d	3237	1786301130	mutirao_midia_v4	mutirao_midia_v4/codigos/taxonomia_etapa5_readonly.py
e4ba85104ec2a9cc4a9dd3078a59dc9e123fd735936c264de1fc5a24c12d61b2	1041	1786300138	mutirao_midia_v4	mutirao_midia_v4/codigos/top1_por_dossie.py
5a5ca38817564b61086c6ea3aea8a7d8ad2db52dbff71e1795c744ba86826cb9	4591	1786280152	mutirao_midia_v4	mutirao_midia_v4/codigos/patch_parecer_canonico.py
ae172a9c9aa0d44f934008566154bafa3c162453d61a3b1a34c2687e271cd384	2702	1786300983	mutirao_midia_v4	mutirao_midia_v4/codigos/plan_requery_73.py
07c0463392b9649dfbac5618680c670379a6ad9959b35feb1c6137679355e43b	4898	1786280181	mutirao_midia_v4	mutirao_midia_v4/codigos/backfill_parecer_canonico.py
39a767024df7c1f0ef992bae9f74b50cfb79cca3490bd869ba4109acb7c24053	327	1786283996	mutirao_midia_v4	mutirao_midia_v4/codigos/export_entidades_banco.sh
05070682b94ffea85e651608327975731fab31a409c810b19a64c5ea573eba67	4783	1786311300	mutirao_midia_v4	mutirao_midia_v4/codigos/manifesto_canonico_27_v4.py
38ba9cfd57aa7b542db740c583c2a855b539933e51fb588e52fe96159cbd9803	2423	1786306649	mutirao_midia_v4	mutirao_midia_v4/codigos/snapshot_sqlite_etapa5.py
d19f6d8cdb33b542c1925edd9a6b868586230e0468f5286df4c5145a749d3ded	2561	1786277348	mutirao_midia_v4	mutirao_midia_v4/codigos/reset_tribunal_flag_visao.py
f255b991a3d86da733fa02d1da766a255e2ef4a3026a098a72d989281c302e89	3014	1786306618	mutirao_midia_v4	mutirao_midia_v4/codigos/manifesto_canonico_27_v2.py
cb3b6ccd5f13132801b9f4a76955f07b36a3a2265f450be2ac94f10fab97eb4e	1096	1786286934	mutirao_midia_v4	mutirao_midia_v4/codigos/processa_regional_janela2.sh
6bbb9319a3edfa2103b6ce288baa6f8b9f080b887228c8fb8572948682e5d571	4387	1786302910	mutirao_midia_v4	mutirao_midia_v4/codigos/etapa5_persiste_completo.py
ccc0262391846fcaa6ee9b6ff9cc3472ecf4029b75872db05b3bfa5969ec8299	889	1786295851	mutirao_midia_v4	mutirao_midia_v4/codigos/download_senado_tencent.sh
6264bef6d71f7b178d685b4a3db4b143995482a866e81cc81b8b299747aeff13	856	1786300220	mutirao_midia_v4	mutirao_midia_v4/codigos/download_senado_31_tencent.sh
d5654ae96f9302f9b7e767ca6c38f33aee73904dfbe25428092e2749c03235f3	1777	1786302851	mutirao_midia_v4	mutirao_midia_v4/codigos/revisao_manual_30.py
42925e0e9aa1399d55a56fa99240fd84c27d79fef4e1cc08c50494773ffd8f6d	1421	1786289285	mutirao_midia_v4	mutirao_midia_v4/codigos/processa_regional_janela3.sh
3efa1eaae2e001478c29540257c58c29ed53e80ec5cafc7df110040eaf4f1f09	896	1786271638	mutirao_midia_v4	mutirao_midia_v4/codigos/rodar_banco_ouro_midia_controlado.sh
ce45b5c3f6f4563b9d6bd522ca5f9c5761ad2d2f6ae5ffc828189cb2d4256fa4	5422	1786309405	mutirao_midia_v4	mutirao_midia_v4/codigos/politica_temporal_v2.py
9194b335a9ce70941ab1bb6081fa7b324f9a5739172ec60433aeedc0a8a774ab	3716	1786295673	mutirao_midia_v4	mutirao_midia_v4/codigos/filtra_senado_confianca.py
90b05d29e83e25744cdcaf1be5e7adfd097194c80457852253422457bd16dda1	419	1786295756	mutirao_midia_v4	mutirao_midia_v4/codigos/gera_urls_limpas.py
5a3cb1b93f54db068ed6f22c3996031f92b1935b170f34606a6c45c33d1067f7	4576	1786304248	mutirao_midia_v4	mutirao_midia_v4/codigos/revisao_evidente.py
57498f27418aa6f3260e0239df486bbd829d485b30d72bc800efbb862403a252	2881	1786276628	mutirao_midia_v4	mutirao_midia_v4/codigos/patch_tribunal_sql.py
496e271522a19879cc4ae269863a4854d672425a272d8384f4751011b5ea3169	3748	1786301229	mutirao_midia_v4	mutirao_midia_v4/codigos/taxonomia_real_etapa5.py
8e0c45044f0f6a3ff5e33cbf97b7ad4d3071533df838f2b37f5ea117703a51d5	2654	1786293363	mutirao_midia_v4	mutirao_midia_v4/codigos/consolida_senado.py
8014201051b49348ea9539bf038f99db055963b97bc53f50dc905e0bbaf6c903	5498	1786274850	mutirao_midia_v4	mutirao_midia_v4/codigos/pesquisa_fontes_mutirao_v4.py
20200281216af7e1cb610451f3c2356fa4a4ccd75badadb4bc1a68672c0f66a9	6038	1786272404	mutirao_midia_v4	mutirao_midia_v4/codigos/smoke_v3_imagem_portal.py
701b39cbf1600a2d66a56d06c70fd2af8ffa0ce928c8a1e95748155185733f5b	1102	1786283680	mutirao_midia_v4	mutirao_midia_v4/codigos/check_nyc_ciencia_lote2.py
5c87ca06d5036eabe3bee890c72b82e650130e47ebe3538c3e169c722090c942	1268	1786282623	mutirao_midia_v4	mutirao_midia_v4/codigos/check_nyc_ciencia.py
dea545a356199d228f97a7444786a8b4b4532abd82258f0e47f18e7f8a8a827f	3113	1786292363	mutirao_midia_v4	mutirao_midia_v4/codigos/xray_regional_nyc.py
99bc9f115b0b745252f1c9f7225d0604860ec0389f30811a29c911286b9f0725	1595	1786301171	mutirao_midia_v4	mutirao_midia_v4/codigos/procura_gemini_vision_erro.py
81f99a1cb1172bea6b453b2971773f5c8ba22606a5442d0b2878a79c97b14d9c	544	1786300182	mutirao_midia_v4	mutirao_midia_v4/codigos/gera_urls_31.py
88eff78ee20c05a4c5a32395a465e5cb24f1f9a6f84d63bca92e31a389a3c837	2795	1786284974	mutirao_midia_v4	mutirao_midia_v4/codigos/manifesto_generico.py
7ad60c80125cdec36b5ae9869fefcdf56396ec7a067e36aa7b1025ae7f37a1e7	2888	1786275105	mutirao_midia_v4	mutirao_midia_v4/codigos/baixar_candidatos_geo_lote1.py
ba28956a9dc2609d9ffe31659b82e1f4fd442018dfb5c8dcf500b414cfa3000d	922	1786282833	mutirao_midia_v4	mutirao_midia_v4/codigos/retry_download_ciencia_lote2.sh
442409dc0608c3c908a8e10d358f0ad9134251d767806812ff8f82a8b5336d44	4202	1786306887	mutirao_midia_v4	mutirao_midia_v4/codigos/politica_temporal_mistos.py
4b589e3ddf32f3a54b1cb5fa56e3f702d12bbe59aa9828c503c529b2a8b8d9f7	4642	1786302007	mutirao_midia_v4	mutirao_midia_v4/codigos/consolida_requery_75.py
995bc95c26e7d5f9e64b801cbb895a28da315fe7cc02efe0189094a489f5ab53	9077	1786272331	mutirao_midia_v4	mutirao_midia_v4/codigos/v3_imagem_portal.py
659fe2519f07eec1f90317b7e13eb6fc7380aeec36dcf02744a7f5681dfb2c0f	1237	1786293004	mutirao_midia_v4	mutirao_midia_v4/codigos/check_janela3_pos_classificador.py
6241ef581c4ba4f4949f989fa6e6badd59c6dbf306efad7f0c867799fdafc28e	4024	1786303537	mutirao_midia_v4	mutirao_midia_v4/codigos/commons_evidence_api.py
0d7746f02a9c203d7f0058e52ef96082aba8d53b4b8ad83e0a746ff3fe79f985	4079	1786275282	mutirao_midia_v4	mutirao_midia_v4/codigos/retry_download_geo_lote1.py
20d74a6b9e02e3724b765061e693a8e178b9977741e2204bc4349bd5dc7ec270	3051	1786300929	mutirao_midia_v4	mutirao_midia_v4/codigos/enriquece_top1.py
2ab9091c4f2f8a999bdab96279344c2ca04105dad13f3877fb1067002e10ecd5	4611	1786304642	mutirao_midia_v4	mutirao_midia_v4/codigos/etapa5_visao_deduplicada.py
8f622cffe04bb506539fbfab3b9836af2ad258acf79253aaf499b3673fb2e6c6	1246	1786285861	mutirao_midia_v4	mutirao_midia_v4/codigos/check_nyc_regional_loteA.py
8de7285094c9887d5bddad4bb1045fef2c50b95796cecae16102d1aade2f19a7	3950	1786274143	mutirao_midia_v4	mutirao_midia_v4/codigos/spotcheck_visao_lote_portal_v2.py
bd8e910244f91d32fbf77d4ab8afca07431cd2173fc6a9d3e47a93eb55dde80f	2296	1786300077	mutirao_midia_v4	mutirao_midia_v4/codigos/purga_falsos_resgates.py
0b652b34e31affc2e870b63d3b40deb9d635b84170bf6ff7ab78dcd7b140071e	6874	1786300044	mutirao_midia_v4	mutirao_midia_v4/codigos/funil_353_codex.py
0eb62eefc19d628dbd8bbd6b3ebf27b8a4a30fe080321b2089d5af2523b00357	3087	1786304556	mutirao_midia_v4	mutirao_midia_v4/codigos/consolida_revisao_final.py
90e63c7d6dd1ca3e57d750cb1b2d6d5fe558b289043b21d868e54ea4e9ac50fc	3539	1786304343	mutirao_midia_v4	mutirao_midia_v4/codigos/reconsulta_review14.py
d1beec60be8f15ce8283aaf08c136f8f642951df5c6cd5c972c79bf3926ee9ea	768	1786300899	mutirao_midia_v4	mutirao_midia_v4/codigos/investiga_master_novas.py
86ec9f9491310c6aed9af8a6daf3bc6aa731146995f1f2786482cec1c99a1b5c	1769	1786271643	mutirao_midia_v4	mutirao_midia_v4/codigos/classificar_head.py
c76a542b96f25e1db3eec15701591050e9f171e3ed9c386c824999d12d2f85df	1502348	1786278960	mutirao_midia_v4	mutirao_midia_v4/fontes/originais_geo_lote1/geo_idx57_pla_navy_gaoyang_2004.jpg
6a3d4a82459a305d802e74de05a2493cde706745fdc961e029494d8cd5b25e04	15726358	1786275140	mutirao_midia_v4	mutirao_midia_v4/fontes/originais_geo_lote1/16_Ali Khamenei reading book 01.jpg
e35b051f60bc3af1939589b0d9e5d629752214bc257ca6f0dfddc1a14da48d30	531324	1786275733	mutirao_midia_v4	mutirao_midia_v4/fontes/originais_geo_lote1/40_Xi Jinping at Kremlin (2023).jpg
063c0974da96355ba6722bed4b92fce6d2db81c436b8f4f99394abbf7f2fad8b	1685276	1786275754	mutirao_midia_v4	mutirao_midia_v4/fontes/originais_geo_lote1/47_Li Qiang, Premier of China - 2025.jpg
11f948130298d2878cde3fd6c17c64a48d88a1f9d72568ae4ea9964fab945cc5	10552170	1786275672	mutirao_midia_v4	mutirao_midia_v4/fontes/originais_geo_lote1/37_Israeli Airstrikes on the Natanz Nuclear Facility during Operation Rising Lion.png
a5ecdc245f741013e690a8397aa37f51086a03e5deaf9b2f66eb92645d1f377b	3621207	1786278957	mutirao_midia_v4	mutirao_midia_v4/fontes/originais_geo_lote1/geo_idx54_wangyi_hagel_2014.jpg
b88a0b1f10da2c6f2b23fc11cbd030686ce953c4aadbac2c7e1f1ba230c2f1f6	5742507	1786275611	mutirao_midia_v4	mutirao_midia_v4/fontes/originais_geo_lote1/11_CVN 69 transits the Strait of Hormuz (28465403076).jpg
8523cddf9496384d3edd3b236c5434630e23f0cf36c0c0158bd315abb8750b9f	2922589	1786275124	mutirao_midia_v4	mutirao_midia_v4/fontes/originais_geo_lote1/07_USS Essex (LHD 2), right, and USNS Wally Schirra (T-AKE 8) transit the Strait of Hormuz in
322b65291cc500de5d280a55b918f7798871ddcebaa112856b0b8989cc018e34	1371567	1786275631	mutirao_midia_v4	mutirao_midia_v4/fontes/originais_geo_lote1/22_14040616 Masoud Pezeshkian.jpg
824596b0a28cb04883c62d5b4d9254df3ddd8ba679417f89446545eec9b0d36a	1493163	1786275713	mutirao_midia_v4	mutirao_midia_v4/fontes/originais_geo_lote1/39_Bongbong Marcos and Xi Jinping 3.jpg
eec5cd575e97b4a9ddfebd1124878d025ff74acead8d0b430ce5808e26627a6c	1787872	1786275114	mutirao_midia_v4	mutirao_midia_v4/fontes/originais_geo_lote1/00_AFCENT tankers team up with NAVCENT fighters to execute mission over USCENTCOM AOR (885258
820a624164d145132a779fb453964f6b07dfc3c24c664c9d41c04ec1fcaadda9	537278	1786275774	mutirao_midia_v4	mutirao_midia_v4/fontes/originais_geo_lote1/49_PM of Japan Fumio Kishida meets Premier of China Li Qiang (2024) 03.jpg
7dbd391bd7e8d8920c16154373a5f0e3e7769767ab9e82296dd917f40136323f	1361090	1786275145	mutirao_midia_v4	mutirao_midia_v4/fontes/originais_geo_lote1/17_Ali Khamenei - Seyyed Ali Hosseini Khamenei - 2023-11-19 - (4).jpg
c76d2248b6d8dcadb6a3a43d05b02f51065e28461edecd6934d43203fd124788	14943068	1786275795	mutirao_midia_v4	mutirao_midia_v4/fontes/originais_geo_lote1/52_20170207 Foreign Minister Bishop China Foreign Minister Wang Yi dinner.jpg
5e11a535052089ea354d2dc598336b670ae64cc626447f4dfc58bbab0564ae85	1427414	1786275129	mutirao_midia_v4	mutirao_midia_v4/fontes/originais_geo_lote1/10_USS Stout Strait of Hormuz May 2020.jpg
394bc1e1668fb97d494005e37478f477b49d17ff632e2626dd222ea500ce95de	2318386	1786275693	mutirao_midia_v4	mutirao_midia_v4/fontes/originais_geo_lote1/38_Atomanlage Natanz (2022).jpg
3ca6b87839036a43200d0c1164d60f4d90fad0334439d55f118a584729340ba3	10530229	1786275652	mutirao_midia_v4	mutirao_midia_v4/fontes/originais_geo_lote1/28_Meeting Dr. Seyed Abbas Araghchi (01911587) (51162349234).jpg
c319b9b99ee9e20c7ee6348dfff463c1c87f4e70f4275f015fb2da5e98b4384f	1449383	1786275119	mutirao_midia_v4	mutirao_midia_v4/fontes/originais_geo_lote1/06_Flickr - Official U.S. Navy Imagery - U.S. Navy ships transit the Strait of Hormuz..jpg
460b78415d9630d45f5b059345ebb4755be79501f9861c9f9dc795ca6a5dde93	9431138	1786281305	mutirao_midia_v4	mutirao_midia_v4/fontes/originais_ciencia_lote1/ciencia_idx06.jpg
b7ff6d8e36008d172b2eb946bcd021e116a9cb335b3d8d71cbf9b8fd5fb1dc37	99007576	1786281512	mutirao_midia_v4	mutirao_midia_v4/fontes/originais_ciencia_lote1/ciencia_idx12.jpg
3325c0752c223cb65fe1a54c7bfc4c7fb2b4d4b1589c3515a21d9872176f2f83	19368387	1786281529	mutirao_midia_v4	mutirao_midia_v4/fontes/originais_ciencia_lote1/ciencia_idx56.jpg
962bc63a96d074211e0beee3ef18399b0fa5df83ac711977928f75719706b1b1	3105311	1786281525	mutirao_midia_v4	mutirao_midia_v4/fontes/originais_ciencia_lote1/ciencia_idx19.jpg
315b784e15ee718ef3a05a1a7a3cd7cf22bc48723ed9976469c1bea6fc26b115	3171590	1786281522	mutirao_midia_v4	mutirao_midia_v4/fontes/originais_ciencia_lote1/ciencia_idx16.jpg
bf42c78ab65ef1218db421326f01e42d91b211c2df1f449fd3bcdbc65ad34317	1978309	1786281301	mutirao_midia_v4	mutirao_midia_v4/fontes/originais_ciencia_lote1/ciencia_idx03.jpg
5944557de4092fc0c71a87b721bbf73b39cd2a24c9174f0e33f1bf142aab4467	1860794	1786281515	mutirao_midia_v4	mutirao_midia_v4/fontes/originais_ciencia_lote1/ciencia_idx79.jpg
a5438c48fd578df01d5b2312289ef42559bb652facef57ccaa9e8f0a3f7d7708	1542389	1786281532	mutirao_midia_v4	mutirao_midia_v4/fontes/originais_ciencia_lote1/ciencia_idx65.jpg
9764199550c66d0f5f169e4ad99bae464938fa6500b21bc3be5b34d1cbc8fb28	24619370	1786281519	mutirao_midia_v4	mutirao_midia_v4/fontes/originais_ciencia_lote1/ciencia_idx83.jpg
c3e11f36032542c9419eef5560ea74bab85a428ab9b2e2b46f85db488c3e5680	4762628	1786281503	mutirao_midia_v4	mutirao_midia_v4/fontes/originais_ciencia_lote1/ciencia_idx11.jpg
2bd44b011ddc17d6d0c1ee391b98f10c5c7e853b92b20afdc7c093efebad3173	112692	1786239302	mutirao_midia_v4	mutirao_midia_v4/fontes/tse/consulta_cand_2026_RN.csv
5a4107c538bb6b057a13320b359c480e1615b1e72f5f4a7f74b9a4dd8dc113dc	210233	1786239316	mutirao_midia_v4	mutirao_midia_v4/fontes/tse/consulta_cand_2026_PR.csv
94e8ec570562d4f979bda4336f26a19894a7137ca0ba76a6368429375f9f9e0e	63931	1786239300	mutirao_midia_v4	mutirao_midia_v4/fontes/tse/consulta_cand_2026_RR.csv
9bc56030ef8be69cbc684e48ebbd958a662b72389168b07b9395e07579366ecd	775679	1786239314	mutirao_midia_v4	mutirao_midia_v4/fontes/tse/consulta_cand_2026_RJ.csv
1090a16cac346f59c4db8a05a0d86fddfcf4ad0cbbc5312db67adad0ebefbd6e	122004	1786239304	mutirao_midia_v4	mutirao_midia_v4/fontes/tse/consulta_cand_2026_PI.csv
04c3d1c1188b7c90759434544e9678eb8910f0b0a4b4fca79b1c2f7a54249181	579385	1786239324	mutirao_midia_v4	mutirao_midia_v4/fontes/tse/consulta_cand_2026_BA.csv
83f189b57e762f79a651b2e125b43edb2cc4849b4c13252d285dfd091f90bdf4	257445	1786239308	mutirao_midia_v4	mutirao_midia_v4/fontes/tse/consulta_cand_2026_SC.csv
3fae9f3cf5e3b0d1b4d0630fcf88bf0cdcb2702c690ab6498f74cb9a693c4878	805471	1786239300	mutirao_midia_v4	mutirao_midia_v4/fontes/tse/consulta_cand_2026_SP.csv
b4eb8c9cfffef53db1d8643ce079967b3298d68c09047ecf5ce2a137bea2b1b7	5144	1786283946	mutirao_midia_v4	mutirao_midia_v4/fontes/tse/montar_roster_regional_tse.py
abbf22e4b82755c9834b469d0d0a9517a9a470389d5d4d67c4de7eee572a9e19	1797995	1786283784	mutirao_midia_v4	mutirao_midia_v4/fontes/tse/consulta_cand_2026.zip
f8275c3693077ef3c338887df72779f1ef456515306bfcd9620bc6f7ceba825d	122127	1786239324	mutirao_midia_v4	mutirao_midia_v4/fontes/tse/consulta_cand_2026_AP.csv
bc707bdaa073ed88b2da37cb9bc96b6343a8bbb7d8c75cb88e35e16e84c577b2	439262	1786239312	mutirao_midia_v4	mutirao_midia_v4/fontes/tse/consulta_cand_2026_RS.csv
475099c19d684c0f429969587ea4b715bfa0ba0a9cd9ad7a22d1cd3381f12bf3	6087	1786239296	mutirao_midia_v4	mutirao_midia_v4/fontes/tse/consulta_cand_2026_BR.csv
8cfcea8f44cb4ec576004531224b19c7e739114906c71f48db3282ac5afdfd38	367620	1786239306	mutirao_midia_v4	mutirao_midia_v4/fontes/tse/consulta_cand_2026_PE.csv
3141a916b3032b41b35025fbc1dfe3182d00e96e6ee39d19765bf45204a83304	157506	1786239320	mutirao_midia_v4	mutirao_midia_v4/fontes/tse/consulta_cand_2026_MA.csv
f30553fb57dddd4ea6a3b1a636b50cb90edf2ac40ada27fe5cb7993d0c0cad70	208302	1785965526	mutirao_midia_v4	mutirao_midia_v4/fontes/tse/leiame.pdf
2a11cde56a6407e07e6b4df204d42fbe21c38cf41be8c269cef0ea4eef468dc2	62988	1786283956	mutirao_midia_v4	mutirao_midia_v4/fontes/tse/roster_regional_tse_2026.csv
151f365d1d025904c18b12e198e42bb3e7a8801ee3709e7d23e5538514262e0c	6367690	1786239310	mutirao_midia_v4	mutirao_midia_v4/fontes/tse/consulta_cand_2026_BRASIL.csv
f3d323bba80be48701aa1854d475251fcb0567cd7c330c9bbbfdc8e81cdaff86	330706	1786239312	mutirao_midia_v4	mutirao_midia_v4/fontes/tse/consulta_cand_2026_CE.csv
221246db6e036018dd78fe9c5ee1d5fb5447cd5e43f6e42d97095ce3b2de83ac	575513	1786239308	mutirao_midia_v4	mutirao_midia_v4/fontes/tse/consulta_cand_2026_MG.csv
8e828da3a35a5906529951e225f2c9cbab2fd687928d9f3d3918c26fced7c7a5	138768	1786239304	mutirao_midia_v4	mutirao_midia_v4/fontes/tse/consulta_cand_2026_RO.csv
1e43826057ae917004a70d09f7679996d5afab58985642cd3daf12345d2422c8	186864	1786239316	mutirao_midia_v4	mutirao_midia_v4/fontes/tse/consulta_cand_2026_AM.csv
000a3c84e1338e4edd20b08f95335270a065f33bdf0e92d005f65cbfb58fe6dc	60965	1786239306	mutirao_midia_v4	mutirao_midia_v4/fontes/tse/consulta_cand_2026_PB.csv
13090538d5c1f9a87143e069db3165a04ad595a60633fde9073a5ec4ec8c9302	72982	1786239316	mutirao_midia_v4	mutirao_midia_v4/fontes/tse/consulta_cand_2026_MT.csv
d3a49a054080cbc54df594b08e2d56494c6f6e0bab477518621b855fa9b65a23	131977	1786239316	mutirao_midia_v4	mutirao_midia_v4/fontes/tse/consulta_cand_2026_PA.csv
16f76bb9c225ff84d305db8e4f57292e7e70305b1ee96cb1eebd794073fdc1a4	72463	1786239184	mutirao_midia_v4	mutirao_midia_v4/fontes/tse/consulta_cand_2026_AC.csv
45845726551189e89323547a1ff74c9828cf37f6e5a4c8f523665575d0e01cec	61225	1786239324	mutirao_midia_v4	mutirao_midia_v4/fontes/tse/consulta_cand_2026_AL.csv
d35b418eae3850c4834b34ac907872a641b33f70c89d087686393a20e1352fcf	35267	1786239272	mutirao_midia_v4	mutirao_midia_v4/fontes/tse/consulta_cand_2026_TO.csv
ca154c3551ad97a3844e8e2465294b93a57ef6896093f6bd7ec2a550cae3cd6a	110740	1786239320	mutirao_midia_v4	mutirao_midia_v4/fontes/tse/consulta_cand_2026_MS.csv
aa6a9cc0694ec2348a36011dfa3a2864623ff6f5984539d9c40baf9d23b5f0cf	85734	1786239300	mutirao_midia_v4	mutirao_midia_v4/fontes/tse/consulta_cand_2026_SE.csv
d0959cd7d2ab2b5cc231b8cdea9bd79e0d26a8198891e1629adfe37f3e54b11e	123830	1786239312	mutirao_midia_v4	mutirao_midia_v4/fontes/tse/consulta_cand_2026_ES.csv
845aee73573c77f28dc49e930917d15302a8f678cd55348673e3911a173ceb2a	202276	1786239312	mutirao_midia_v4	mutirao_midia_v4/fontes/tse/consulta_cand_2026_DF.csv
c2b3bb6d3e984906a0ac4941530a864baf00de5f4548e3a7c207ff6e68132b24	180592	1786239326	mutirao_midia_v4	mutirao_midia_v4/fontes/tse/consulta_cand_2026_GO.csv
bc0c29e069c5affb2676adf2bec1ee1670380929d37059ac6b0601337b4514d4	944	1786634112	auditoria_v4_20260813	auditoria_v4_20260813/fase0/nyc_fase0_tabelas.txt
4edde319e8a52cfb052b18dfb5f731f77cac6c79ed8efea0bdfc6450f05dd4fa	18306	1786634236	auditoria_v4_20260813	auditoria_v4_20260813/fase0/nyc_fase0_eventos_5novas.txt
2bf88781d00c0273ad95276ace497ef897d774856ca637c7814a6c676e86f884	21904	1786634536	auditoria_v4_20260813	auditoria_v4_20260813/fase0/nyc_fase0_stderr_5novas.txt
9ee59dd6999d4c8b93c37dde3dae582f3522cc746697dee3831007f2aca60bc2	46811	1786633972	auditoria_v4_20260813	auditoria_v4_20260813/fase0/nyc_fase0_geral.txt
1a8aff7a7a0a6cbe8516d18c57099bb4bc133e11709c53349ca2df1db46987b6	2001	1786634070	auditoria_v4_20260813	auditoria_v4_20260813/fase0/nyc_fase0_redactor.txt
29b3f7f9dca50d1576bb83d9a1cac6d49835aba37cb9426821bc5f8cfc668436	12509	1786634141	auditoria_v4_20260813	auditoria_v4_20260813/fase0/nyc_fase0_bancos.txt
d428a7c053da9f383da651b4dfad799829d602e60cf7c9242d1de9ae67537c0a	2760	1786634044	auditoria_v4_20260813	auditoria_v4_20260813/fase0/nyc_fase0_hashes_crons.txt
4fe8c0316e1c2e5ee10ab822ba398748ec0c53de64175d6c4b718b48e9bc9da2	836	1786634705	auditoria_v4_20260813	auditoria_v4_20260813/fase0/nyc_fase0_receipts_5novas.txt
792b023c9bae4d8a3be6191bba424612d6793a879fe76fa721492c01dc067938	4295	1786634707	auditoria_v4_20260813	auditoria_v4_20260813/fase0/nyc_fase0_fronteiras_eventos.txt
ee293ad5581c3a474456408f95a1e34a56807aa10f54029b71d1359f75a2906b	53747	1786640690	auditoria_v4_20260813	auditoria_v4_20260813/fase0/tema/front-page.php
79afa974363e0ff966cc967fedbb535baae4d7a2240bc6800ac5bc4aa44a13ae	11981	1786640193	auditoria_v4_20260813	auditoria_v4_20260813/fase0/tema/header.php
c45b889c82fba28bc5ddff925dda3734bc40773f381759d27082d6dc758b8b07	47114	1786634104	auditoria_v4_20260813	auditoria_v4_20260813/fase0/codigo_vivo/coletor.py
33fd93bed4e05b1873dbfb92983c9fdfc5d8017fa4fe41fc7c9b74f7217820b7	159036	1786638913	auditoria_v4_20260813	auditoria_v4_20260813/fase0/codigo_vivo/v4_vertical_draft_worker.py
e3d6c35eaa5d89f395f34980ef0db38396da7a3e36a21750694008d9edb508b2	19243	1786638397	auditoria_v4_20260813	auditoria_v4_20260813/fase0/codigo_vivo/v4_regional_intake.py
d8ca843d70f365255813886a0aee70d998f63db13e4531a90cf43db426fcac6e	10500	1786638976	auditoria_v4_20260813	auditoria_v4_20260813/fase0/codigo_vivo/v4_regional_draft_worker.py
821b1f1cf16e7f977fd28ba1f9e8b05779afa1bf96d366c679b80a98e1985cfd	11668	1786634108	auditoria_v4_20260813	auditoria_v4_20260813/fase0/codigo_vivo/v4_vision_router.py
e73c21dcea7222781a51b3de8ca7e41e13036a5e606c77e97982a070f7053dfd	12357	1786634102	auditoria_v4_20260813	auditoria_v4_20260813/fase0/codigo_vivo/v4_vertical_intake.py
9bf33675d1328169f4272680a3f5827ec3b489fa84b10bfabc0ab806982829ce	1056	1786638395	auditoria_v4_20260813	auditoria_v4_20260813/fase0/codigo_vivo/v4_regional_rodar_worker.sh
b72e0c121bec0107b310fa7ec3d5f6ee54945f1ff91a6bcf14bc4082d4cba652	10610	1786653769	auditoria_v4_20260813	auditoria_v4_20260813/fase0/codigo_vivo/v4_vertical_redactor_runtime.py
458e197489d0224dae181e228d36917c05838b12c5ea2975cced9c0567ab9254	54761	1786664206	bloco_regional_20260813	bloco_regional_20260813/front-page.php
79afa974363e0ff966cc967fedbb535baae4d7a2240bc6800ac5bc4aa44a13ae	11981	1786654635	bloco_regional_20260813	bloco_regional_20260813/header.php
dfcb3cb97cfc396f1b71f4c54c098c2494e4aaff6d32fd29c681ade436c67a85	2745	1786670627	bloco_regional_20260813	bloco_regional_20260813/prova_menu.js
55167fc70868bd12250a381dae4d5c5139691c508340f29efe6155278d7bf8b0	10422	1786670172	bloco_regional_20260813	bloco_regional_20260813/footer.php
ddd8d66741d08420990af81b2c4b1f8843e3044621791c7bfb1d09827063503b	35308	1786669157	bloco_regional_20260813	bloco_regional_20260813/style.css
6eb5109c34f0dd17b2928df340c320789c57be3656d2266bfee766665daa6911	671	1786654860	bloco_regional_20260813	bloco_regional_20260813/footer_menu_css_20260813.css
2a614140a4764f86704e151f8ae7c9f15c35b4db238cf0e45b2452f762fc8316	238099	1786670312	bloco_regional_20260813	bloco_regional_20260813/provas/hamburguer_regional_estados.png
dd41011f4bd4e0d064e64ba08cecc87225cffa9585b2dad5e0743e5d42c76469	337356	1786670667	bloco_regional_20260813	bloco_regional_20260813/provas/hamburguer_regional_estados_canon.png
8da2ee7d64ae36a5ddcce3ee4bd8f89d250a0109b8e4dd1558239d0873df8bc8	48758	1786670306	bloco_regional_20260813	bloco_regional_20260813/provas/footer_regional_aberto.png
9fcd793ec15ed1d405d7cc62c9b19f2b0cabdfc48ab0785e734d53bfc2f91528	34201	1786670661	bloco_regional_20260813	bloco_regional_20260813/provas/footer_regional_aberto_canon.png
f6c2a0c582d96658e09b189ef1b0855b151b38489afbb9c551fffe8228bcec84	7489	1786943231	handoff_gsn	handoff_gsn/post_266153_backup_20260817.json
21a7bd2d40582e75dd74654f221d95ad78cb88b976b1b070688a007a1efcc19a	4354	1786943343	handoff_gsn	handoff_gsn/gsn_draft_266153.py
2065411c11e90805c4594c97e3e57cf98bd2a7a412616fb54578c7e78f2b52c9	3463	1786968192	handoff_gsn	handoff_gsn/limpeza_espelho_20260817/mirror_261937.json
6197717c1e0fbcecefa30a1caa30ad849ca70b0d4066d04dd45affb094f6b317	4151	1786968192	handoff_gsn	handoff_gsn/limpeza_espelho_20260817/mirror_262296.json
8eced4dc0ca757947f3629de44608854eda55f68a7c97ac2e1be2659b76a3b14	7105	1786968192	handoff_gsn	handoff_gsn/limpeza_espelho_20260817/mirror_262150.json
93a083242d759705a0efc262ce80b5717bde94b1f3722cc54fdc1e018cc5b905	5199	1786967736	handoff_gsn	handoff_gsn/limpeza_espelho_20260817/mirror_265816.json
d4998b5004c6db79463eb50d9a393b4afc99c3baaf7112ed74c915eeca9d8ff8	9424	1786968192	handoff_gsn	handoff_gsn/limpeza_espelho_20260817/mirror_261603.json
756509c03fce7aca59d2caaa66432a9af63356a458904aebbeec5c3a2940fa87	3183	1786968192	handoff_gsn	handoff_gsn/limpeza_espelho_20260817/mirror_263072.json
08300fc4302a1485d34654f8ce88a2da2729538cef675849447701bb8a8360f3	9162	1786968192	handoff_gsn	handoff_gsn/limpeza_espelho_20260817/mirror_263749.json
7234165d5eb5580491a679dd0d3db281a0b219de96620eca2c3e59a86f3bc4f7	11127	1786968192	handoff_gsn	handoff_gsn/limpeza_espelho_20260817/mirror_262127.json
4d0ce8271244afcb52f1efcc254442140ea7b7c4cbc601f926fa7b1e8062f036	9457	1786968192	handoff_gsn	handoff_gsn/limpeza_espelho_20260817/mirror_263752.json
e07f631df3f7539d94155810ca87c80377e3f4e6a85bb099c676adb690df0807	6393	1786968192	handoff_gsn	handoff_gsn/limpeza_espelho_20260817/mirror_262101.json
b75fe63ec8a097d111ea744b36752b7d154047b7f141edfee2919c97822ccb6e	10261	1786967736	handoff_gsn	handoff_gsn/limpeza_espelho_20260817/mirror_265611.json
a9426eeb70f1db0753b1803ddf0558d8d2e4d94d3cda9d40897aa68b9e95c0bb	2896	1786967736	handoff_gsn	handoff_gsn/limpeza_espelho_20260817/mirror_264355.json
605bfdfb01cbe6123b3d77d3143c2ec1e3e40d10247ab325c85c956b6f3228cc	6958	1786967736	handoff_gsn	handoff_gsn/limpeza_espelho_20260817/mirror_264869.json
2bc59499e36588a8b0a639c05e1753f7bfc42859605ba44d3af9de77fbb6b0df	3635	1786968192	handoff_gsn	handoff_gsn/limpeza_espelho_20260817/mirror_261941.json
894c641fe92696945ffb62607327f10c4e7f9ef7d0fb8c0e7bfb3c3f69ad7326	743	1786968192	handoff_gsn	handoff_gsn/limpeza_espelho_20260817/mirror_261951.json
9e811ad5bceff0a7f74688c75a67becf90f118f62347473953f3a8ff6b1fc797	3075	1786967736	handoff_gsn	handoff_gsn/limpeza_espelho_20260817/mirror_265920.json
336c022c3000a6c28bcd30fbce014b6f368a1609e810ff6b1daa60bc4f344c07	2913	1786968192	handoff_gsn	handoff_gsn/limpeza_espelho_20260817/mirror_262161.json
4627edceafda305779e8646e56de18e8d3d30b946c8304570cd1a52cfada527c	8871	1786968192	handoff_gsn	handoff_gsn/limpeza_espelho_20260817/mirror_263755.json
577aa16f324e17f03ea95f5245b2919ea1bde189be75c79a2cd4ce29749dd39f	225569	1788447620	provas_botnews	provas_botnews/v6_bot_news_20260903.png
a2492caa3d05228f84f6bbb510e46834da564976a93166e9ab52bf7d25bda415	221615	1788447872	provas_botnews	provas_botnews/v6_bot_news_small.png
5132b7b19255f04276c5215e1ceef8cbb83f8ba7530bc0987b4c63638312d237	3423	1787017419	espelho_zcode_laura	espelho_zcode_laura/MONTE_A_PONTE_LAURA.md
f41709571e4ad3cb8269a50e9d4c95367c943b6f628d04dc0018d3de1a0ce0c6	47786515	1787008043	espelho_zcode_laura	espelho_zcode_laura/cerebro.zip
46face9c84556aeac0e6fed6291186f5296520ad176bd717b3edf22d7a23f9ae	3654	1787015888	espelho_zcode_laura	espelho_zcode_laura/automatizacoes_inventario.md
901de50b1398c66e7e87340f0a2b96bc1064f89eaf70b517c55f947fb6a58ece	7868	1787015897	espelho_zcode_laura	espelho_zcode_laura/LEIA_PRIMEIRO_ESPELHO_LAURA.md
445580499968623c6e9f991507f4422b86ccd9b48587ca7ca8c2734456af7157	15541	1787008038	espelho_zcode_laura	espelho_zcode_laura/AGENTS.md
51a6f7ae19b79daf5ba064422db10bcc2a734436aa899a2c261122cd9db56952	224	1787008053	espelho_zcode_laura	espelho_zcode_laura/config_zcode/fallback_config.json
f0c7a7613079d452f9de9405a39a46fa6acb52cf7c5d5f5540f2a5418f62ee1b	1752	1787008053	espelho_zcode_laura	espelho_zcode_laura/config_zcode/config.json
e0421a49926cb1097e34bb89501ad4d17e2d030b1580092f390377c68af9d025	28282	1787008053	espelho_zcode_laura	espelho_zcode_laura/hooks/credito_vigilia.py
1e1b8c48c534baeacb7b1ae972844fe8dacca530a8be79b06acdc04879fa821a	27899	1787008053	espelho_zcode_laura	espelho_zcode_laura/hooks/llm_fallback.py
925b6ba73daf3e270310818145a6acc21b31c3d80b56fc43135d289bd08f4000	2915	1787008038	espelho_zcode_laura	espelho_zcode_laura/memoria_zcode/painel-cctv-gestao-canais-youtube-20260816.md
2c788be0e07d1c8ed1c2cbd8708a9b5ea61ee0e3e637fb797fa6904a61505192	2138	1787008038	espelho_zcode_laura	espelho_zcode_laura/memoria_zcode/recordings-gnome-whisper-20260817.md
9d64ab687ff43b091df20d5bce5538c8d0ebe3882542a8fb0b3870d8c6f9cca7	4219	1787008038	espelho_zcode_laura	espelho_zcode_laura/memoria_zcode/faxina-taxonomia-cafezinho-20260814.md
8cfbf69f10fd7e603c08bbc84d805d617a9014afbd96ee09163ec396937f0bd2	5182	1787008038	espelho_zcode_laura	espelho_zcode_laura/memoria_zcode/v4-arquitetura-loop-miguel-publicador-20260816.md
ac6689f24d30aed632524b17ad786e85b7aec7267cc7ef386d7a69559f3b08d8	2781	1787008038	espelho_zcode_laura	espelho_zcode_laura/memoria_zcode/politica-legenda-foto-cafezinho-20260816.md
eab5bf3200975c09c5f835d57c26eb48f937fb4621dcb3de989b9815aa5ef333	3233	1787008038	espelho_zcode_laura	espelho_zcode_laura/memoria_zcode/loops-youtube-corresponsabilidade-20260816.md
47f9a398154971fd6f8af4a9a6e78ac2f0b217be9338c8d6a78480f9f16ba9dd	14321	1787008038	espelho_zcode_laura	espelho_zcode_laura/memoria_zcode/v4-equilibrio-producao-agendamento-20260816.md
ec8a19266b8105226f725edd38d85e2b5e3690a096bd4eeacb2800e603d43121	1424	1787008038	espelho_zcode_laura	espelho_zcode_laura/memoria_zcode/cerebro-backup-locais.md
0d8f5eb906e24baeb3d4e41355639eedd15634483bf1df98ffc4b049d60c30d3	2564	1787008038	espelho_zcode_laura	espelho_zcode_laura/memoria_zcode/gsc-tematicos-seo-fix-20260817.md
bb2fd344927e50f5e39279c3936a3b42931efde9a94ac16d5741954eddd0bec2	1614	1787008038	espelho_zcode_laura	espelho_zcode_laura/memoria_zcode/auditoria-backup-vigilia-20260813.md
518f3746bcf518a859712f967e51eed0fe8eee7760af8476eb2998f26feb19ea	1691	1787008038	espelho_zcode_laura	espelho_zcode_laura/memoria_zcode/flux-pro-regra-capa-20260817.md
001ef5f959d27a01ff7f0de9bc4450f72ce5192f93d8e4af5257167c67adcda0	1588	1787008038	espelho_zcode_laura	espelho_zcode_laura/memoria_zcode/cross-promo-banners-rede-20260817.md
b126f332ec1bdef729e96227d30b662129a314efef52f1c33e69fc3706b3a6ac	2653	1787008038	espelho_zcode_laura	espelho_zcode_laura/memoria_zcode/bug-hook-credito-estatico.md
1aaa909a7b0429c36fde3fb816ce2cebd651e1e30c32a34ec09eb2004f0c8b81	3774	1787008038	espelho_zcode_laura	espelho_zcode_laura/memoria_zcode/painel-cctv-v6-mm7-dia-parcial-fix-20260816.md
0d97ae06a4fcce0a32fb29162333b583947c3058759d69d09f643acae2570094	4792	1787008038	espelho_zcode_laura	espelho_zcode_laura/memoria_zcode/moka-reader-sprint-bugs-20260813.md
4df7d462fc45735118199f2cda7ba903eb630762f6bfdd8af57f835ca8ee1632	1847	1787008038	espelho_zcode_laura	espelho_zcode_laura/memoria_zcode/painel-custos-reais-ranking-mm7-20260817.md
b8d6bab60f6b779ac4dd5c60a99dbbcde7105af57a634f55466f3e9b45e420d2	1975	1787008038	espelho_zcode_laura	espelho_zcode_laura/memoria_zcode/agente-instagram-noturno-desligado-20260817.md
5e73ac419023f28da8ed83d6b580d32d5f26e78ade0a912baff75d827c4f207e	5372	1787008038	espelho_zcode_laura	espelho_zcode_laura/memoria_zcode/failover-llm-automatico-20260816.md
756f0a183a15c02293792781ecd46b7479ff1687718d153b937e5070e0a2bd9c	3297	1787008038	espelho_zcode_laura	espelho_zcode_laura/memoria_zcode/espelho-orfaos-tecnologia-geopolitica-20260817.md
1d0e95d7d022ef1ea8de1a3b091d5aed285f2337405bac21568671f9ca9a6a03	4089	1787008038	espelho_zcode_laura	espelho_zcode_laura/memoria_zcode/depuracao-editorial-gps-post-duplo-20260816.md
ad13757e4bc87d8955fcf2676cc48068107f9b70f6be8008198d0738613bfc1b	3497	1787008038	espelho_zcode_laura	espelho_zcode_laura/memoria_zcode/moka-reader-codigo-deploy-arquitetura.md
089c36cb7ee087f7a7a354c61e4da7c2eb2c818544185b25375928c0aa2da480	1746	1787008038	espelho_zcode_laura	espelho_zcode_laura/memoria_zcode/baseline-gsc-taxonomia-cafezinho-20260815.md
033c9c72cc4aa65e48d524b0722f4ffdaa780a68ef7fa71afcafbc9e3d6261b0	1630	1787008038	espelho_zcode_laura	espelho_zcode_laura/memoria_zcode/enxame-manchete-politica-nacional-regra-20260817.md
163e69abdc08a3ae95d75376bec3dcdb3d3996b51edfa0efb5198251e45b7dd7	2573	1787008038	espelho_zcode_laura	espelho_zcode_laura/memoria_zcode/cadencia-boletim-baleia.md
7a45d61af570b47cbee01b56e80b2468b92f66d5cadef2b063782a14b4210cd8	6540	1787008038	espelho_zcode_laura	espelho_zcode_laura/memoria_zcode/ponte-telegram-resposta-obrigatoria.md
f85862134ef4afdb8df858faed333ad4bcda85531bf794f12c522c4ac842781b	6550	1787008038	espelho_zcode_laura	espelho_zcode_laura/memoria_zcode/v4-3bugs-topologia-canonico-20260816.md
567ffacdd4cbbfbe3c267e3cc3d1a1ad44d79bc3ef315c7c8f01867ae739d650	4010	1787008038	espelho_zcode_laura	espelho_zcode_laura/memoria_zcode/mutirao-loop-miguel-desengarrafar-20260817.md
b3396361595f2cc960fab65dcdc0886524ec8b5066a3aa1eda40547a6d0ed0e5	1578	1787008038	espelho_zcode_laura	espelho_zcode_laura/memoria_zcode/critico-agir-e-explicar-miguel.md
62e61dbce7db441b224e0a3578bc7f17c8528c3f584b57264878e2ef1162d2ca	2184	1787008038	espelho_zcode_laura	espelho_zcode_laura/memoria_zcode/iproyal-assinatura-transcricao-20260817.md
bf5d4e69e124897fe2ffe191d1f3b3bb95f20a8ea6ccbd582f7b0ddeba539d48	2946	1787008038	espelho_zcode_laura	espelho_zcode_laura/memoria_zcode/backup-total-100-completo.md
606808f86ba0d5b58b85b9dfe3e7faab54c5caea0f1cf76a435839bdf4f67ada	6885	1787008038	espelho_zcode_laura	espelho_zcode_laura/memoria_zcode/banners-moka-reader-20260814.md
80fddeba73f7f9517904920d7a7e02408ed360dd6e6c521f30905e82bba566e8	2088	1787008038	espelho_zcode_laura	espelho_zcode_laura/memoria_zcode/feedback-infra-crons-no-servidor-20260817.md
f9de0b09c9a2e3b49c310339b6a2604bf015c9034bad11d83ae725f80b83ea05	37102	1787008038	espelho_zcode_laura	espelho_zcode_laura/memoria_zcode/MEMORY.md
c8efa1a09f64e7a90ba990193096e2deb6bf158ad065abb9cff4c6ca8c8801fb	2739	1787008038	espelho_zcode_laura	espelho_zcode_laura/memoria_zcode/nomes-agentes-youtube-websearch-memoria-20260816.md
e66a2c1f15c8f4be61b3d84e173d600727c4dc2a79f6b67aa5f4a86b9310278c	2759	1787008038	espelho_zcode_laura	espelho_zcode_laura/memoria_zcode/precedencia-categorias-tecnologia-cafezinho-20260814.md
2c6a91bfb8fde06075f417825b00d3e57d74abb346e4bca62a8ebe5d3485f711	3107	1787008038	espelho_zcode_laura	espelho_zcode_laura/memoria_zcode/saude-servidores-plano-autolimpeza-20260816.md
3066de5f4192f0cb3a1fecb5590f80012a75e3d06a320fad276b67d84f1a13bf	1401	1787008038	espelho_zcode_laura	espelho_zcode_laura/memoria_zcode/vigilia-cadencia-4h-dia-6h-noite-20260817.md
b8bb1f9d297e9fb08dedee20840c4214f75c3f65726793f5619491112a0554d8	5914	1787008038	espelho_zcode_laura	espelho_zcode_laura/memoria_zcode/agente-youtube-reativado-20260816.md
3bf0299e522f2d4a81f6390735e33f07935da74e3d5dd7fdaa7eb6994dedeb48	4996	1787008038	espelho_zcode_laura	espelho_zcode_laura/memoria_zcode/ponte-loop-miguel-ledger-contrato.md
6b1a9b8d8bf5c7832ce231a2165b5d5daaa166c5c37797b0e818ad86488aa294	1545	1787008038	espelho_zcode_laura	espelho_zcode_laura/memoria_zcode/zcode-editor-baleia-azul.md
7a3df6c11cfb4e50c88a0bc092f83b808d2b00d98b0b8460786f91f1826da40e	1999	1787008038	espelho_zcode_laura	espelho_zcode_laura/memoria_zcode/qwen-token-plan-padrao-vigilia-20260816.md
ef8de60d02a65da34e2f7ccf9ec93152a08971019291429f36be8c474dec4576	1492	1787008038	espelho_zcode_laura	espelho_zcode_laura/memoria_zcode/cerebro-edicoes-sem-substituicao-global.md
13026572f4c410e719b7b81b5b7dca540d414f97bb73a7b15f7e8931a2dad2cb	1782	1787008038	espelho_zcode_laura	espelho_zcode_laura/memoria_zcode/custos-reducao-automacoes-20260817.md
07f68eea319052522ab4fc424707172c4a0d1fdb4cb169318ec2a008ec80743b	60393	1787008038	espelho_zcode_laura	espelho_zcode_laura/memoria_zcode/auditoria-v4-sprint-20260813.md
f7ebbaf4acaac2f348852a5f2656fdff64fef5a918ae36f0224abd103a2fdfb8	8230	1787008038	espelho_zcode_laura	espelho_zcode_laura/memoria_zcode/ponte-imagens-metodo-lote-licencas-20260814.md
32f8641a5101b0ced39198f54469632fe3e46178bc70a3a31de653e136c64ade	3035	1787008038	espelho_zcode_laura	espelho_zcode_laura/memoria_zcode/gsn-deploy-mecanismo-publicacao.md
7456a398afd00fb58d31359a63d710d9f321f0e49b875d5d3f71f985d96c876f	2262	1787008038	espelho_zcode_laura	espelho_zcode_laura/memoria_zcode/analise-google-cafezinho-20260814.md
6d307587485991634ab3c59a60e9d493ee56a9be99f36f2beb7efbd3e41c7c97	1810	1787008038	espelho_zcode_laura	espelho_zcode_laura/memoria_zcode/organizacao-cerebro-manutencao-quinzenal.md
24aa3902b7c05efe3c8c4bb57f506960273c221e7abda512af0fb8d02642e676	10882	1787008038	espelho_zcode_laura	espelho_zcode_laura/memoria_zcode/trindade-daemon-cafezinho-20260814.md
b90dde2e9d750a8e27c7309c3a58d94442e665f1545d3d9cbbfd5fb35d1d11ea	1318	1787008038	espelho_zcode_laura	espelho_zcode_laura/memoria_zcode/regra-pt-integral-agente-youtube-20260817.md
ae9d4d2d9367cc5518803b8c68ee298ad507eb2451b402234f5541163abffc65	2770	1787008038	espelho_zcode_laura	espelho_zcode_laura/memoria_zcode/incidente-short-open-tag-paginacao-20260816.md
a78e0cafa7fa9742f0ded0518b8d9fc39249ced9fb8e89347e2ed2eea78924b0	19830	1787008038	espelho_zcode_laura	espelho_zcode_laura/memoria_zcode/contrato-geral-ecossistema-v01-20260816.md
6468c2010cf53db30de2831da7ff793aac9515731e1da749ded074424a66acef	1604	1787008038	espelho_zcode_laura	espelho_zcode_laura/memoria_zcode/miguel-validou-esta-boa-pare-20260817.md
d4a426c502eb20dafbc5c07eb0216dac17568b7e110d2864de986f14391095e0	9205	1787008038	espelho_zcode_laura	espelho_zcode_laura/memoria_zcode/home-cafezinho-ordem-final-anuncios-20260814.md
e07985d12a27497622f2998f465b0f362d580e204f5edbecaeebeeb77203fd0e	9705	1787008038	espelho_zcode_laura	espelho_zcode_laura/memoria_zcode/agendamento-vigilia-trindade-cafezinho.md
161752202ab05fb27ec36c3b2ec2e3897ec9da6fd73695b8772ea63e614135e7	3139	1787008038	espelho_zcode_laura	espelho_zcode_laura/memoria_zcode/fix-transcricao-youtube-jsruntime-retry-20260817.md
dcf409ce8657323c0dabf05437d39fbc51ea76eb7df4d74bd65e3af22c6a5e80	2592	1787008038	espelho_zcode_laura	espelho_zcode_laura/memoria_zcode/deepseek-rotacao-modelos-zcode.md
fe61985526cba73e38746433cad8e6a8dba1bc15a0603dc5b40d02d18b67c40d	1923	1787008038	espelho_zcode_laura	espelho_zcode_laura/memoria_zcode/zcode-instalacao-laura-win11-arm64-20260817.md
98e65b5eeff6068f1fca9deaf35780054607e3cad18226f1bfe77b1f39af6255	5419	1787008038	espelho_zcode_laura	espelho_zcode_laura/memoria_zcode/manchete-comentarista-sprint-20260813.md
9f4d97a3a06c9492163ee7beaa00d2c26bf21c25007ea6585245c500e8201ee6	31349	1787008038	espelho_zcode_laura	espelho_zcode_laura/memoria_zcode/painel-cctv-v6-loops-home-unica-20260815.md
af67e8323f30a966bf473669744fda2a4f3cbf7a36729573a7f2a910db1e0437	2735	1787008038	espelho_zcode_laura	espelho_zcode_laura/memoria_zcode/auditor-titulos-sem-entrega-loop-20260817.md
2dfbbec85e2738a4ee8862e812d9c3ae5adf037ed6d7175a2831787535f58080	3199	1787008038	espelho_zcode_laura	espelho_zcode_laura/memoria_zcode/curadoria-fotos-tematicos-guardiao-20260813.md
348d716b17f62703ee5aca0508cdb376e69e071b1022f58e9209b1a4d76b5c31	1756	1787008038	espelho_zcode_laura	espelho_zcode_laura/memoria_zcode/vigilia-telegram-abolido-20260815.md
bf31dcb17869ffdaa5633aee1f36dbaef4138e370ec8896d457cb86604296437	2638	1787008038	espelho_zcode_laura	espelho_zcode_laura/memoria_zcode/auth-api-manchete-cafezinho.md
700d68ccae05f9e6a9d8c7397e12d2fda8d8d874b384df93214b454fc6ba2ac6	3162	1787008038	espelho_zcode_laura	espelho_zcode_laura/memoria_zcode/glm-coding-plan-assinatura-max-legacy-v2.md
04801537e86f5ccc081af8ef73bc8d283cb3f5020d29a6885f1397c731713378	7260	1787008038	espelho_zcode_laura	espelho_zcode_laura/memoria_zcode/feedback-imagem-jornalistica-evento-retrato.md
f743959e941af883bdc056869e80c9a07a9d84643af97b399495a9c9f529fd6d	1846	1787008038	espelho_zcode_laura	espelho_zcode_laura/memoria_zcode/ponte-entrega-verificada-zcode-20260817.md
4b8abae8321ebf8741253d99837020940f559f871a5ab4ccce591aa15af66475	4740	1787008038	espelho_zcode_laura	espelho_zcode_laura/memoria_zcode/banco-links-midia-jornalistica-20260813.md
e91ecce569847b8a25728619af3af92a476f60e2d14abc79c4b9b9253a1b72a3	1674	1787008038	espelho_zcode_laura	espelho_zcode_laura/memoria_zcode/mapa-autores-cafezinho.md
9799e51d64a5cae28f207afb0dc5d8053e88a55887e9824f97327d45f49563f0	4247	1787008038	espelho_zcode_laura	espelho_zcode_laura/memoria_zcode/kimi-k3-modelo-padrao-20260816.md
7be7d8c66474dd3128154aaf8063add20669565d48797ba0819590f7197cade1	2793	1787008038	espelho_zcode_laura	espelho_zcode_laura/memoria_zcode/pesquisa-materias-cafezinho-20260814.md
6177a7752be179a97da2805841c2946006810f355a1cfac4cbf79c0e717ed803	2619	1787008038	espelho_zcode_laura	espelho_zcode_laura/memoria_zcode/descompasso-whitelist-blocos-home.md
02ed4e8fca146790f943052ec72cb498f528a15885d3ea9797e56f69a5010440	11972	1787008038	espelho_zcode_laura	espelho_zcode_laura/memoria_zcode/menus-canonico-espelho-reforma-20260813.md
97d640b30d11f49e553fa203798099fefadcaa8ec9307d012636376ebff42562	2925	1787008038	espelho_zcode_laura	espelho_zcode_laura/memoria_zcode/politica-categorias-cafezinho-20260814.md
ef3abe6ab1326bea41c696cf83e95c27f3a5a4298f6c9a8399b73a499d504ee5	2887	1787008038	espelho_zcode_laura	espelho_zcode_laura/memoria_zcode/painel-v6-baleia-historico-publicacoes-abas-20260816.md
3fc9aa650713c2e28f79db61033b6c90b738f618c1c43f2cefdc83425ecd43b2	1614	1787008038	espelho_zcode_laura	espelho_zcode_laura/memoria_zcode/moka-seo-gsc-robots-sitemap-20260816.md
8efd4ac549301e16781b94b5546e0be7e6dae88c404da619413188e70044beec	913	1787008038	espelho_zcode_laura	espelho_zcode_laura/memoria_zcode/vigilia-nao-repetir-backup-100.md
19b5829a5fb529f67d8e2f3fc5e90fe21f19a9868b7c37b9dd4d636677e70ddf	2387	1787008038	espelho_zcode_laura	espelho_zcode_laura/memoria_zcode/guard-estado-titulo-nacional-regional-20260817.md
d70a69491110a505dfcfbb5308d18aa348589250a6bdd2bac9bccb66905ac684	4164	1787008038	espelho_zcode_laura	espelho_zcode_laura/memoria_zcode/vigilia-estabilidade-glm-220-rondas.md
a5a463847bc865f18b3555abfd1771d11ffa80a458c224eb6d8f15c161e2a62b	2759	1787008038	espelho_zcode_laura	espelho_zcode_laura/memoria_zcode/acervo-100-b2-drive-topup-20260817.md
a3a4c989d3f4157acabbedbe36ece9066f47f761dbc5c3694c474ce08b8bd0c9	1468	1787008038	espelho_zcode_laura	espelho_zcode_laura/memoria_zcode/gsn-trava-anti-duplicidade-20260814.md
1532763aa983eb3a0734e2c96de1b34a34f8189a8e71c5ef7dea8526c8810eac	1433	1787008038	espelho_zcode_laura	espelho_zcode_laura/memoria_zcode/feedback-ordens-aditivas-nao-bloqueantes-20260817.md
51836a3d19f36c8dce718c3f61cf49e04d3fe450ef0ee2698966438c8dc742d3	1225	1787008038	espelho_zcode_laura	espelho_zcode_laura/memoria_zcode/dashboard-backup-cctv.md
75e830a5aa486f210f528e90883f79a064631175a1cd1fff512b0a6ebc0806de	1721	1787008038	espelho_zcode_laura	espelho_zcode_laura/memoria_zcode/v4-independencia-imagens-baseline-20260817.md
95c66da12a9b1dcbca802087614df93cc72e8aa863e62f739ff5cbc698fa32e9	1895	1787008038	espelho_zcode_laura	espelho_zcode_laura/memoria_zcode/analise-posts-3semanas-cafezinho-20260815.md
bcdbd8e61c8fa33a477f681e5c0995a134f7d353e4c72d01299000fe9d80b2b9	3181	1787008038	espelho_zcode_laura	espelho_zcode_laura/memoria_zcode/revista-maquiavel-portifolio-plano-20260817.md
5b40bb161f2276e56a41181949ab93a2e47c864dd3d056189220ce0e96a5f31b	11267	1787008038	espelho_zcode_laura	espelho_zcode_laura/memoria_zcode/gate-imagem-checada-fail-close-20260816.md
aa781433d276cc28f24bcfe6154a27805c727249cfb78218711c0efcc770a234	4189	1787008038	espelho_zcode_laura	espelho_zcode_laura/memoria_zcode/painel-v6-indice-pub-hora-eixo-duplo-20260817.md
a3403c04d14b7bdffbce9f06ec164557683ad1315de4e67aaf97ec0c8300f94f	2877	1787008038	espelho_zcode_laura	espelho_zcode_laura/memoria_zcode/coringa-assemblyai-cascata-llm-20260816.md
492f7c6d7a9bf3ff2988c2ac0e4dd1ce5fa9ff9e562ba7c4b0a3bd49daaf04a3	4676	1787008038	espelho_zcode_laura	espelho_zcode_laura/memoria_zcode/diretriz-ssh-wpcli-correcao-posts.md
ec97796b710d31d4742e451e7f9812b66644cf457c874487537288dbc7e749c9	4298	1787008038	espelho_zcode_laura	espelho_zcode_laura/memoria_zcode/v4-tendencias-prototipo-20260816.md
b1a1c395444533a52e73b223af54ec71435b239c4faeb726b110c9c058551394	4410	1787008038	espelho_zcode_laura	espelho_zcode_laura/memoria_zcode/config-cli-glm.md
0a965a2402b07568401f8f870fec00bb3da05d3bad5ce8fe7743527371f6f984	3732	1787008038	espelho_zcode_laura	espelho_zcode_laura/memoria_zcode/manchete-travada-265806-nacional-so.md
7c3959bf4e3975cf21fec5397420444e2abe17cedcf7cc63b996560561039283	10122	1787008038	espelho_zcode_laura	espelho_zcode_laura/memoria_zcode/v4-novos-religiao-historia-ficcao-espelho-20260817.md
fc64135345947d5fe2c42dc15ae9b23171b938fa3f2bb6a0924949afdea96b07	9979	1785948493	MAPA_BACKUPS_20260805.md	MAPA_BACKUPS_20260805.md
ef36b26aa7cdb394e7c2263610f05ad045027df71c1c68b4d498e06c654c059d	8175	1783337897	coletor_comexstat_carnes.py	coletor_comexstat_carnes.py
9a035ab85fcc02203d6daf8a4cf53cd69615c073f695621ae0fa1684fd4fac49	4744	1783339950	analise_12meses.py	analise_12meses.py
4517f9fa0a52557f082d3e70cabd87a74e90734d5a53040f17422ca8fcb8549d	4836	1783344205	analise_corrente.py	analise_corrente.py
6dbd5a162a57fbbc7ad19356130d89c8f79bbe78cbe8c8b05a02a7cbd0819bac	5268	1783339984	analise_destino_12meses.py	analise_destino_12meses.py
3b7f352844a0377f4ccc38654f2008e3801b342b8ad5fe66e18a9eb9ccb429e5	4466	1783345823	analise_petroleo_soja.py	analise_petroleo_soja.py
36fcc84389257088d909722d419741a575fbb57f129b072f775bc31fd9326e8b	4447	1783345546	analise_paises_blocos.py	analise_paises_blocos.py
9dae85fecdcbe86b1d27b520cd8430fd95b274c724d4a6710aabf9704c836287	4672	1783437558	grafico_corrente_saldo.py	grafico_corrente_saldo.py
321c40a01855f15964e653a5e081f65e8c4b1e69484c361ff36f2c5475ba8404	189667	1783437581	grafico_corrente_saldo.png	grafico_corrente_saldo.png
b800537f549de0253fef769781462b94370220593e194525f61754a037d11ed4	11625	1783351753	publicar_cafezinho.py	publicar_cafezinho.py
14410ef153f63474855572541f471c583abc9f9c7c632c6bc46eadeb7fc78865	7546	1783636647	publicar_thiago_miranda.py	publicar_thiago_miranda.py
c885c12b52b5f5db57b738a64de1700edec02de240bdab1aafe473274e3ac675	2287	1783352038	trocar_imagem_cafezinho.py	trocar_imagem_cafezinho.py
5773d61130c3d11b02641b8bdef7529889e909ce205de4b91d8aca9b49eee357	2056	1783352373	metadata_imagem_cafezinho.py	metadata_imagem_cafezinho.py
b07caf9a48f4186c19e499b99a28c4244f80e67e355bc1a64274b22a4a552fa3	431022	1783351639	lula_destaque.jpg	lula_destaque.jpg
c04092f5561606af159fe939a883fab6af33de1e4611e29fb0d6718d1527feb5	294937	1783351919	lula_mercosul_opcao1.jpg	lula_mercosul_opcao1.jpg
1b9783546ae82505ae67043aac544b509fc3891b7474c0ed777b76632e21ccc4	143236	1783351920	lula_mercosul_opcao2.jpg	lula_mercosul_opcao2.jpg
d273a3f3baae20417c89c0f4b0d0eb044bf62099cd804298d8d2bbccbe2d71ce	86519	1783636623	thiago_miranda.jpg	thiago_miranda.jpg
8baa4e3a4b78ca990f58b1b4521905cf6a7e0ce83b18e621f8c80337579feec5	8079	1787100921	faxina_riocarta_fotos_20260818.py	faxina_riocarta_fotos_20260818.py
12b0469193871993d9758c5b4b8152c3b1cb82f046ec1726b30cd5dc258c4665	6496	1787101714	faxina_tematicos_6fotos_20260818.py	faxina_tematicos_6fotos_20260818.py
9b88679e5b5a0387688c1177d80a31cbd475fd5002c4b437fd89c93a39dcffb3	4758	1787101307	varredura_tematicos_fotos_20260818.py	varredura_tematicos_fotos_20260818.py
8e48119a1547f55bf02b1eef7aa6a990fae9758e69e411b9e4848c593bba7778	11855	1786645319	coletor_banco_links.py	coletor_banco_links.py
697d3278eb4c81275a3db5bddeb12608c6164e80bc06626e032fb15f534674db	252291	1786913463	banco_links_midia.jsonl.bak_pre_quarentena_20260816	banco_links_midia.jsonl.bak_pre_quarentena_20260816
06526da23e162b9e140e37d4a61f4225d235bafaadcb8930e8233a7f222bf31a	251744	1786913463	banco_links_midia_CONGELADO_20260816.jsonl	banco_links_midia_CONGELADO_20260816.jsonl
4fdb3515bc5ca5aafa786ea81ba51bd4911de19c5e165c969f7a5b1cfbd03a93	1931	1787951086	crime-v4.jpg	crime-v4.jpg
